competition_name,gender,country,season_end_year,squad,team_or_opponent,num_players,mins_per_90,gls_standard,sh_standard,so_t_standard,so_t_percent_standard,sh_per_90_standard,so_t_per_90_standard,g_per_sh_standard,g_per_so_t_standard,dist_standard,fk_standard,pk_standard,p_katt_standard,x_g_expected,npx_g_expected,npx_g_per_sh_expected,g_minus_x_g_expected,np_g_minus_x_g_expected
Premier League,M,ENG,2020,Arsenal,team,29,38,56,401,144,35.9,10.55,3.79,0.13,0.37,15.9,19,3,3,49.2,46.9,0.12,6.8,6.1
Premier League,M,ENG,2020,Aston Villa,team,28,38,40,453,146,32.2,11.92,3.84,0.09,0.27,16.9,17,1,3,40.1,37.7,0.08,-0.1,1.3
Premier League,M,ENG,2020,Bournemouth,team,27,38,38,384,116,30.2,10.11,3.05,0.09,0.29,16.4,21,4,4,42.7,39.7,0.11,-4.7,-5.7
Premier League,M,ENG,2020,Brighton,team,25,38,35,456,137,30,12,3.61,0.07,0.25,17.1,11,1,2,41.2,39.7,0.09,-6.2,-5.7
Premier League,M,ENG,2020,Burnley,team,22,38,41,384,124,32.3,10.11,3.26,0.1,0.31,15.7,17,3,3,43.9,41.6,0.11,-2.9,-3.6
Premier League,M,ENG,2020,Chelsea,team,27,38,69,619,210,33.9,16.29,5.53,0.1,0.3,16.2,27,7,7,66.6,61.7,0.1,2.4,0.3
Premier League,M,ENG,2020,Crystal Palace,team,25,38,29,372,116,31.2,9.79,3.05,0.07,0.22,16.5,15,3,3,34,31.9,0.09,-5,-5.9
Premier League,M,ENG,2020,Everton,team,24,38,42,465,155,33.3,12.24,4.08,0.09,0.26,15.7,20,1,1,49.3,48.5,0.11,-7.3,-7.5
Premier League,M,ENG,2020,Leicester City,team,24,38,65,533,181,34,14.03,4.76,0.11,0.33,16.7,20,5,7,61.6,56.2,0.11,3.4,3.8
Premier League,M,ENG,2020,Liverpool,team,24,38,83,585,222,37.9,15.39,5.84,0.13,0.35,16.1,18,5,5,71.5,67.7,0.12,11.5,10.3
Premier League,M,ENG,2020,Manchester City,team,24,38,100,730,246,33.7,19.21,6.47,0.13,0.38,15.8,27,6,11,93,84.6,0.12,7,9.4
Premier League,M,ENG,2020,Manchester Utd,team,29,38,65,528,200,37.9,13.89,5.26,0.1,0.28,18.5,33,10,14,59.4,48.8,0.1,5.6,6.2
Premier League,M,ENG,2020,Newcastle Utd,team,28,38,38,397,127,32,10.45,3.34,0.1,0.3,18.5,14,0,1,33.1,32.3,0.08,4.9,5.7
Premier League,M,ENG,2020,Norwich City,team,30,38,25,409,124,30.3,10.76,3.26,0.06,0.19,17.4,16,2,2,38,36.6,0.09,-13,-13.6
Premier League,M,ENG,2020,Sheffield Utd,team,26,38,36,353,109,30.9,9.29,2.87,0.1,0.32,14.7,4,1,1,41.5,40.8,0.12,-5.5,-5.8
Premier League,M,ENG,2020,Southampton,team,25,38,51,497,169,34,13.08,4.45,0.1,0.29,17.4,27,2,5,53.9,50,0.1,-2.9,-1
Premier League,M,ENG,2020,Tottenham,team,29,38,56,439,155,35.3,11.55,4.08,0.12,0.34,17.8,21,3,4,46.1,43,0.1,9.9,10
Premier League,M,ENG,2020,Watford,team,26,38,35,410,114,27.8,10.79,3,0.07,0.25,16.5,18,7,8,45.1,39.1,0.1,-10.1,-11.1
Premier League,M,ENG,2020,West Ham,team,29,38,49,414,157,37.9,10.89,4.13,0.11,0.29,15.6,13,4,4,46.2,43.2,0.11,2.8,1.8
Premier League,M,ENG,2020,Wolves,team,21,38,49,453,142,31.3,11.92,3.74,0.1,0.32,16.9,12,4,4,47.1,44.1,0.1,1.9,0.9
Premier League,M,ENG,2020,vs Arsenal,opponent,29,38,48,545,189,34.7,14.34,4.97,0.08,0.22,17.5,17,7,8,56.6,50.4,0.1,-8.6,-9.4
Premier League,M,ENG,2020,vs Aston Villa,opponent,28,38,66,602,175,29.1,15.84,4.61,0.1,0.35,16.1,21,5,6,65.9,61.3,0.11,0.1,-0.3
Premier League,M,ENG,2020,vs Bournemouth,opponent,27,38,65,546,182,33.3,14.37,4.79,0.11,0.33,17.3,15,5,6,57.5,53,0.1,7.5,7
Premier League,M,ENG,2020,vs Brighton,opponent,25,38,52,497,164,33,13.08,4.32,0.1,0.3,15.8,20,2,2,54.5,52.9,0.11,-2.5,-2.9
Premier League,M,ENG,2020,vs Burnley,opponent,22,38,49,535,159,29.7,14.08,4.18,0.08,0.28,17.5,21,4,5,48.3,44.5,0.08,0.7,0.5
Premier League,M,ENG,2020,vs Chelsea,opponent,27,38,51,316,115,36.4,8.32,3.03,0.16,0.43,16.2,15,2,2,37.9,36.4,0.12,13.1,12.6
Premier League,M,ENG,2020,vs Crystal Palace,opponent,25,38,48,507,169,33.3,13.34,4.45,0.09,0.28,16.7,23,0,1,51.3,50.6,0.1,-3.3,-2.6
Premier League,M,ENG,2020,vs Everton,opponent,24,38,53,427,145,34,11.24,3.82,0.12,0.34,16.5,23,3,4,48.4,45.4,0.11,4.6,4.6
Premier League,M,ENG,2020,vs Leicester City,opponent,24,38,39,367,126,34.3,9.66,3.32,0.08,0.25,17,21,8,10,44.5,37,0.11,-5.5,-6
Premier League,M,ENG,2020,vs Liverpool,opponent,24,38,32,340,107,31.5,8.95,2.82,0.09,0.29,16.7,5,1,1,40,39.3,0.12,-8,-8.3
Premier League,M,ENG,2020,vs Manchester City,opponent,24,38,34,274,107,39.1,7.21,2.82,0.11,0.29,16.2,18,3,3,34.7,32.9,0.12,-0.7,-1.9
Premier League,M,ENG,2020,vs Manchester Utd,opponent,29,38,35,385,125,32.5,10.13,3.29,0.08,0.26,17.3,23,3,3,37.4,35.2,0.09,-2.4,-3.2
Premier League,M,ENG,2020,vs Newcastle Utd,opponent,28,38,56,561,190,33.9,14.76,5,0.1,0.28,15.8,19,2,2,58.3,56.8,0.1,-2.3,-2.8
Premier League,M,ENG,2020,vs Norwich City,opponent,30,38,72,600,201,33.5,15.79,5.29,0.11,0.34,16,18,4,7,61.9,56.7,0.1,10.1,11.3
Premier League,M,ENG,2020,vs Sheffield Utd,opponent,26,38,39,430,141,32.8,11.32,3.71,0.09,0.27,17,23,1,3,47.9,45.6,0.11,-8.9,-7.6
Premier League,M,ENG,2020,vs Southampton,opponent,25,38,59,445,163,36.6,11.71,4.29,0.13,0.34,16,12,3,4,53.1,50,0.12,5.9,6
Premier League,M,ENG,2020,vs Tottenham,opponent,29,38,45,531,172,32.4,13.97,4.53,0.08,0.23,16.8,23,5,7,52,46.9,0.09,-7,-6.9
Premier League,M,ENG,2020,vs Watford,opponent,26,38,61,488,166,34,12.84,4.37,0.11,0.32,17.4,28,8,9,57.3,50.3,0.11,3.7,2.7
Premier League,M,ENG,2020,vs West Ham,opponent,29,38,59,493,178,36.1,12.97,4.68,0.11,0.3,15.7,13,5,6,61.1,56.5,0.12,-2.1,-2.5
Premier League,M,ENG,2020,vs Wolves,opponent,21,38,39,393,120,30.5,10.34,3.16,0.1,0.32,16.8,12,1,3,34.8,32.4,0.08,4.2,5.6
Premier League,M,ENG,2019,Arsenal,team,28,38,69,464,158,34.1,12.21,4.16,0.14,0.41,16.3,11,4,5,57.1,53.1,0.12,11.9,11.9
Premier League,M,ENG,2019,Bournemouth,team,28,38,55,434,152,35,11.42,4,0.11,0.32,16.5,14,7,9,53.3,46.4,0.11,1.7,1.6
Premier League,M,ENG,2019,Brighton,team,21,38,35,369,99,26.8,9.71,2.61,0.08,0.3,16.8,11,5,6,34.4,29.9,0.08,0.6,0.1
Premier League,M,ENG,2019,Burnley,team,23,38,43,360,114,31.7,9.47,3,0.11,0.36,15.1,15,2,2,41.9,40.4,0.12,1.1,0.6
Premier League,M,ENG,2019,Cardiff City,team,25,38,33,409,113,27.6,10.76,2.97,0.07,0.27,16.9,13,3,4,39.8,36.7,0.09,-6.8,-6.7
Premier League,M,ENG,2019,Chelsea,team,24,38,61,597,189,31.7,15.71,4.97,0.09,0.3,17.3,30,5,5,58.5,54.7,0.09,2.5,1.3
Premier League,M,ENG,2019,Crystal Palace,team,26,38,48,489,137,28,12.87,3.61,0.08,0.28,17,16,10,11,50.1,42.2,0.09,-2.1,-4.2
Premier League,M,ENG,2019,Everton,team,23,38,53,494,159,32.2,13,4.18,0.1,0.32,16.3,20,2,5,46.5,42.6,0.09,6.5,8.4
Premier League,M,ENG,2019,Fulham,team,28,38,33,438,138,31.5,11.53,3.63,0.07,0.22,18.3,10,2,3,39.7,37.4,0.09,-6.7,-6.4
Premier League,M,ENG,2019,Huddersfield,team,31,38,20,400,118,29.5,10.53,3.11,0.05,0.16,18.1,15,1,1,28.9,28.1,0.07,-8.9,-9.1
Premier League,M,ENG,2019,Leicester City,team,25,38,48,508,174,34.3,13.37,4.58,0.08,0.25,17.8,18,5,7,49.4,44.3,0.09,-1.4,-1.3
Premier League,M,ENG,2019,Liverpool,team,23,38,86,568,210,37,14.95,5.53,0.14,0.38,16.3,20,7,7,73.6,68.3,0.12,12.4,10.7
Premier League,M,ENG,2019,Manchester City,team,21,38,91,680,247,36.3,17.89,6.5,0.13,0.36,16.2,20,3,4,82,79,0.12,9,9
Premier League,M,ENG,2019,Manchester Utd,team,28,38,65,518,212,40.9,13.63,5.58,0.11,0.26,18.1,28,9,12,59.6,50.4,0.1,5.4,5.6
Premier League,M,ENG,2019,Newcastle Utd,team,24,38,41,433,136,31.4,11.39,3.58,0.09,0.29,18.2,17,1,3,38.8,36.5,0.09,2.2,3.5
Premier League,M,ENG,2019,Southampton,team,30,38,44,483,152,31.5,12.71,4,0.08,0.26,18.1,19,4,5,45.4,41.7,0.09,-1.4,-1.7
Premier League,M,ENG,2019,Tottenham,team,28,38,66,533,186,34.9,14.03,4.89,0.12,0.33,17.2,23,4,4,55.6,52.6,0.1,10.4,9.4
Premier League,M,ENG,2019,Watford,team,25,38,51,434,150,34.6,11.42,3.95,0.12,0.33,16.6,22,1,1,48,47.2,0.11,3,2.8
Premier League,M,ENG,2019,West Ham,team,26,38,51,437,149,34.1,11.5,3.92,0.11,0.31,16.5,17,5,5,49.1,45.4,0.11,1.9,0.6
Premier League,M,ENG,2019,Wolves,team,21,38,46,470,144,30.6,12.37,3.79,0.09,0.29,17.1,12,4,4,49.9,46.9,0.1,-3.9,-4.9
Premier League,M,ENG,2019,vs Arsenal,opponent,28,38,49,489,175,35.8,12.87,4.61,0.09,0.24,17.7,18,7,7,54.5,49.2,0.1,-5.5,-7.2
Premier League,M,ENG,2019,vs Bournemouth,opponent,28,38,67,513,166,32.4,13.5,4.37,0.12,0.37,17.2,18,5,5,55.8,52,0.11,11.2,10
Premier League,M,ENG,2019,vs Brighton,opponent,21,38,60,566,155,27.4,14.89,4.08,0.09,0.32,17.4,27,10,10,56.4,49,0.09,3.6,1
Premier League,M,ENG,2019,vs Burnley,opponent,23,38,64,654,199,30.4,17.21,5.24,0.09,0.31,17.1,13,2,3,63.1,60.8,0.1,0.9,1.2
Premier League,M,ENG,2019,vs Cardiff City,opponent,25,38,69,557,201,36.1,14.66,5.29,0.12,0.32,16.9,21,4,7,61.8,56.5,0.11,7.2,8.5
Premier League,M,ENG,2019,vs Chelsea,opponent,24,38,39,345,120,34.8,9.08,3.16,0.11,0.32,16.9,9,1,2,35.2,33.5,0.1,3.8,4.5
Premier League,M,ENG,2019,vs Crystal Palace,opponent,26,38,52,524,156,29.8,13.79,4.11,0.09,0.31,17.5,20,4,5,48.5,44.8,0.09,3.5,3.2
Premier League,M,ENG,2019,vs Everton,opponent,23,38,44,398,128,32.2,10.47,3.37,0.11,0.33,17.1,16,2,5,45,41.1,0.11,-1,0.9
Premier League,M,ENG,2019,vs Fulham,opponent,28,38,79,582,222,38.1,15.32,5.84,0.13,0.33,16.3,16,5,7,65.2,59.9,0.11,13.8,14.1
Premier League,M,ENG,2019,vs Huddersfield,opponent,31,38,75,512,177,34.6,13.47,4.66,0.13,0.38,16.6,24,7,8,63.3,57.3,0.12,11.7,10.7
Premier League,M,ENG,2019,vs Leicester City,opponent,25,38,48,424,139,32.8,11.16,3.66,0.1,0.31,17.6,18,5,5,42.6,38.9,0.09,5.4,4.1
Premier League,M,ENG,2019,vs Liverpool,opponent,23,38,22,309,96,31.1,8.13,2.53,0.07,0.23,17.5,9,0,1,30,29.3,0.1,-8,-7.3
Premier League,M,ENG,2019,vs Manchester City,opponent,21,38,23,239,76,31.8,6.29,2,0.08,0.25,17.4,9,4,4,25.6,22.9,0.1,-2.6,-3.9
Premier League,M,ENG,2019,vs Manchester Utd,opponent,28,38,51,495,169,34.1,13.03,4.45,0.09,0.27,17.9,22,6,6,47.9,43.3,0.09,3.1,1.7
Premier League,M,ENG,2019,vs Newcastle Utd,opponent,24,38,47,488,135,27.7,12.84,3.55,0.08,0.3,16,29,6,6,52.4,47.9,0.1,-5.4,-6.9
Premier League,M,ENG,2019,vs Southampton,opponent,30,38,62,517,170,32.9,13.61,4.47,0.12,0.35,16.8,12,2,3,54.9,52.6,0.1,7.1,7.4
Premier League,M,ENG,2019,vs Tottenham,opponent,28,38,36,451,148,32.8,11.87,3.89,0.07,0.22,16.4,13,3,5,45.3,41.4,0.09,-9.3,-8.4
Premier League,M,ENG,2019,vs Watford,opponent,25,38,56,480,173,36,12.63,4.55,0.11,0.3,16.1,18,4,5,54.4,50.6,0.11,1.6,1.4
Premier League,M,ENG,2019,vs West Ham,opponent,26,38,54,518,191,36.9,13.63,5.03,0.1,0.26,16.6,19,4,5,61,57.2,0.12,-7,-7.2
Premier League,M,ENG,2019,vs Wolves,opponent,21,38,42,457,141,30.9,12.03,3.71,0.09,0.28,18.4,20,3,4,38.7,35.7,0.08,3.3,3.3
Premier League,M,ENG,2018,Arsenal,team,30,38,73,595,225,37.8,15.66,5.92,0.12,0.31,17.6,30,4,5,63.1,59.3,0.1,9.9,9.7
Premier League,M,ENG,2018,Bournemouth,team,22,38,45,469,154,32.8,12.34,4.05,0.09,0.27,17.5,13,3,3,42.7,40.5,0.09,2.3,1.5
Premier League,M,ENG,2018,Brighton,team,24,38,33,383,112,29.2,10.08,2.95,0.07,0.25,17.9,3,5,7,36.3,31,0.08,-3.3,-3
Premier League,M,ENG,2018,Burnley,team,24,38,35,384,132,34.4,10.11,3.47,0.09,0.27,16.2,16,0,0,34.4,34.4,0.09,0.6,0.6
Premier League,M,ENG,2018,Chelsea,team,26,38,60,607,213,35.1,15.97,5.61,0.09,0.27,17.4,19,3,3,55.7,53.5,0.09,4.3,3.5
Premier League,M,ENG,2018,Crystal Palace,team,28,38,44,467,133,28.5,12.29,3.5,0.08,0.27,17.1,20,8,10,53,45.7,0.1,-9,-9.7
Premier League,M,ENG,2018,Everton,team,30,38,42,356,109,30.6,9.37,2.87,0.1,0.34,17.1,8,5,8,39.6,33.3,0.1,2.4,3.7
Premier League,M,ENG,2018,Huddersfield,team,25,38,25,364,107,29.4,9.58,2.82,0.06,0.21,18.2,12,2,2,32.6,31.1,0.09,-7.6,-8.1
Premier League,M,ENG,2018,Leicester City,team,27,38,53,420,137,32.6,11.05,3.61,0.11,0.35,17,11,5,6,45.7,41.2,0.1,7.3,6.8
Premier League,M,ENG,2018,Liverpool,team,27,38,82,638,229,35.9,16.79,6.03,0.13,0.35,17.1,22,2,3,70.4,68.1,0.11,11.6,11.9
Premier League,M,ENG,2018,Manchester City,team,25,38,103,665,257,38.6,17.5,6.76,0.15,0.38,17.5,30,6,8,80.1,74.1,0.11,22.9,22.9
Premier League,M,ENG,2018,Manchester Utd,team,27,38,67,518,171,33,13.63,4.5,0.13,0.39,17.7,21,1,3,57,54.5,0.11,10,11.5
Premier League,M,ENG,2018,Newcastle Utd,team,27,38,38,453,154,34,11.92,4.05,0.08,0.25,18.7,20,0,1,42.4,41.6,0.09,-4.4,-3.6
Premier League,M,ENG,2018,Southampton,team,26,38,36,444,138,31.1,11.68,3.63,0.07,0.24,17.9,11,3,3,40.1,37.9,0.09,-4.1,-4.9
Premier League,M,ENG,2018,Stoke City,team,30,38,34,387,122,31.5,10.18,3.21,0.09,0.28,17.9,11,0,3,37.1,34.8,0.09,-3.1,-0.8
Premier League,M,ENG,2018,Swansea City,team,26,38,27,337,99,29.4,8.87,2.61,0.08,0.26,17.5,15,1,1,30.3,29.5,0.09,-3.3,-3.5
Premier League,M,ENG,2018,Tottenham,team,25,38,70,628,210,33.4,16.53,5.53,0.11,0.32,17.5,27,2,3,67,64.7,0.11,3,3.3
Premier League,M,ENG,2018,Watford,team,29,38,42,445,130,29.2,11.71,3.42,0.09,0.3,17.1,9,3,6,44.8,40.1,0.09,-2.8,-1.1
Premier League,M,ENG,2018,West Brom,team,24,38,31,394,108,27.4,10.37,2.84,0.08,0.28,17,16,1,1,34.4,33.7,0.09,-3.4,-3.7
Premier League,M,ENG,2018,West Ham,team,27,38,48,372,128,34.4,9.79,3.37,0.12,0.36,17.3,16,2,4,37.3,34.3,0.1,10.7,11.7
Premier League,M,ENG,2018,vs Arsenal,opponent,30,38,51,423,143,33.8,11.13,3.76,0.11,0.32,16.7,12,5,6,49.8,45.2,0.11,1.2,0.8
Premier League,M,ENG,2018,vs Bournemouth,opponent,22,38,60,545,173,31.7,14.34,4.55,0.11,0.34,16.8,15,2,3,58.6,56.4,0.11,1.4,1.6
Premier League,M,ENG,2018,vs Brighton,opponent,24,38,49,548,170,31,14.42,4.47,0.09,0.28,18.1,31,1,3,49.7,47.5,0.09,-0.7,0.5
Premier League,M,ENG,2018,vs Burnley,opponent,24,38,38,562,162,28.8,14.79,4.26,0.06,0.22,18.2,14,3,5,48.2,44.6,0.08,-10.2,-9.6
Premier League,M,ENG,2018,vs Chelsea,opponent,26,38,36,367,114,31.1,9.66,3,0.09,0.3,17.7,11,2,2,32.7,31.2,0.09,3.3,2.8
Premier League,M,ENG,2018,vs Crystal Palace,opponent,28,38,53,475,168,35.4,12.5,4.42,0.11,0.3,16.9,20,2,2,47.4,45.9,0.1,5.6,5.1
Premier League,M,ENG,2018,vs Everton,opponent,30,38,58,545,176,32.3,14.34,4.63,0.1,0.31,18.2,19,3,5,50.3,46.7,0.09,7.7,8.3
Premier League,M,ENG,2018,vs Huddersfield,opponent,25,38,57,450,154,34.2,11.84,4.05,0.12,0.34,16.5,19,4,6,53.7,49,0.11,3.3,4
Premier League,M,ENG,2018,vs Leicester City,opponent,27,38,58,492,161,32.7,12.95,4.24,0.11,0.35,18.1,14,2,4,48.6,45.5,0.1,9.4,10.5
Premier League,M,ENG,2018,vs Liverpool,opponent,27,38,38,277,99,35.7,7.29,2.61,0.12,0.34,17.1,11,4,6,33.3,28.8,0.11,4.7,5.2
Premier League,M,ENG,2018,vs Manchester City,opponent,25,38,25,234,84,35.9,6.16,2.21,0.11,0.3,18,10,0,2,23,21.5,0.09,2,3.5
Premier League,M,ENG,2018,vs Manchester Utd,opponent,27,38,26,443,144,32.5,11.66,3.79,0.06,0.17,17.3,10,1,1,39.6,38.8,0.09,-13.6,-13.8
Premier League,M,ENG,2018,vs Newcastle Utd,opponent,27,38,44,474,142,30,12.47,3.74,0.08,0.28,16.7,13,4,6,51.3,46.6,0.1,-7.3,-6.6
Premier League,M,ENG,2018,vs Southampton,opponent,26,38,56,496,160,32.3,13.05,4.21,0.11,0.34,18.2,19,1,2,45.7,44.2,0.09,10.3,10.8
Premier League,M,ENG,2018,vs Stoke City,opponent,30,38,66,571,212,37.1,15.03,5.58,0.11,0.29,17.4,27,5,5,59.7,55.9,0.1,6.3,5.1
Premier League,M,ENG,2018,vs Swansea City,opponent,26,38,54,557,191,34.3,14.66,5.03,0.09,0.27,17,15,3,6,58.4,53.7,0.1,-4.4,-2.7
Premier League,M,ENG,2018,vs Tottenham,opponent,25,38,35,367,127,34.6,9.66,3.34,0.09,0.26,16.3,10,2,3,33.2,30.9,0.09,1.8,2.1
Premier League,M,ENG,2018,vs Watford,opponent,29,38,63,412,150,36.4,10.84,3.95,0.14,0.38,16.4,14,6,6,55.5,51,0.13,7.5,6
Premier League,M,ENG,2018,vs West Brom,opponent,24,38,54,517,155,30,13.61,4.08,0.1,0.34,18.4,27,1,1,47.7,47,0.09,6.3,6
Premier League,M,ENG,2018,vs West Ham,opponent,27,38,67,571,183,32,15.03,4.82,0.11,0.34,18.1,19,5,6,57.8,53.1,0.1,9.2,8.9
La Liga,M,ESP,2020,Alavés,team,32,38,34,299,99,33.1,7.87,2.61,0.09,0.28,16.5,10,6,6,37,32.5,0.11,-3,-4.5
La Liga,M,ESP,2020,Athletic Club,team,26,38,40,400,130,32.5,10.53,3.42,0.08,0.25,18.6,14,8,10,38.5,31,0.08,1.5,1
La Liga,M,ESP,2020,Atlético Madrid,team,30,38,50,437,136,31.1,11.5,3.58,0.1,0.32,16.6,12,6,8,52.6,46.5,0.11,-2.6,-2.5
La Liga,M,ESP,2020,Barcelona,team,28,38,84,491,214,43.6,12.92,5.63,0.16,0.36,16.8,46,6,6,66.4,61.9,0.13,17.6,16.1
La Liga,M,ESP,2020,Betis,team,27,38,48,461,153,33.2,12.13,4.03,0.09,0.27,17.9,19,6,8,47.3,41.4,0.09,0.7,0.6
La Liga,M,ESP,2020,Celta Vigo,team,30,38,37,358,131,36.6,9.42,3.45,0.09,0.24,18.3,23,6,9,37.8,31.1,0.09,-0.8,-0.1
La Liga,M,ESP,2020,Eibar,team,26,38,38,417,135,32.4,10.97,3.55,0.07,0.23,18.3,21,7,10,41.3,33.8,0.08,-3.3,-2.8
La Liga,M,ESP,2020,Espanyol,team,31,38,25,400,123,30.8,10.53,3.24,0.05,0.17,18.7,19,4,4,33,30.1,0.08,-8,-9.1
La Liga,M,ESP,2020,Getafe,team,30,38,42,397,120,30.2,10.45,3.16,0.09,0.3,18.1,27,6,7,37.9,32.6,0.08,4.1,3.4
La Liga,M,ESP,2020,Granada,team,27,38,50,384,118,30.7,10.11,3.11,0.12,0.38,18.7,25,5,5,41,37.2,0.1,9,7.8
La Liga,M,ESP,2020,Leganés,team,29,38,30,421,141,33.5,11.08,3.71,0.06,0.19,18.9,27,3,5,37.3,33.5,0.08,-7.3,-6.5
La Liga,M,ESP,2020,Levante,team,29,38,45,416,128,30.8,10.95,3.37,0.1,0.31,18.6,20,5,5,41.9,38.1,0.09,3.1,1.9
La Liga,M,ESP,2020,Mallorca,team,32,38,39,409,117,28.6,10.76,3.08,0.08,0.26,18.9,22,8,10,39.2,31.7,0.08,-0.2,-0.7
La Liga,M,ESP,2020,Osasuna,team,31,38,46,453,142,31.3,11.92,3.74,0.08,0.27,18.3,22,8,8,44.5,38.4,0.09,1.5,-0.4
La Liga,M,ESP,2020,Real Madrid,team,26,38,70,552,222,40.2,14.53,5.84,0.11,0.27,17.4,17,11,11,63.5,55.2,0.1,6.5,3.8
La Liga,M,ESP,2020,Real Sociedad,team,27,38,53,418,139,33.3,11,3.66,0.12,0.35,17.2,12,4,5,45.2,41.5,0.1,7.8,7.5
La Liga,M,ESP,2020,Sevilla,team,26,38,53,475,163,34.3,12.5,4.29,0.1,0.28,16.5,17,7,7,47.1,42,0.09,5.9,4
La Liga,M,ESP,2020,Valencia,team,28,38,44,326,112,34.4,8.58,2.95,0.12,0.35,17.5,18,5,8,40.3,34.3,0.11,3.7,4.7
La Liga,M,ESP,2020,Valladolid,team,30,38,31,370,120,32.4,9.74,3.16,0.08,0.23,20,30,3,6,35.5,30.9,0.09,-4.5,-2.9
La Liga,M,ESP,2020,Villarreal,team,25,38,62,474,157,33.1,12.47,4.13,0.11,0.33,17.9,15,10,11,57,48.7,0.11,5,3.3
La Liga,M,ESP,2020,vs Alavés,opponent,32,38,59,452,147,32.5,11.89,3.87,0.1,0.32,17.9,27,12,15,53.2,42,0.1,5.8,5
La Liga,M,ESP,2020,vs Athletic Club,opponent,26,38,36,385,121,31.4,10.13,3.18,0.08,0.26,17.2,25,5,7,46.2,41,0.11,-10.2,-10
La Liga,M,ESP,2020,vs Atlético Madrid,opponent,30,38,24,403,106,26.3,10.61,2.79,0.05,0.2,19.2,18,3,4,30.8,27.9,0.07,-6.8,-6.9
La Liga,M,ESP,2020,vs Barcelona,opponent,28,38,37,362,113,31.2,9.53,2.97,0.09,0.27,18.7,15,6,7,36,30.7,0.09,1,0.3
La Liga,M,ESP,2020,vs Betis,opponent,27,38,59,430,144,33.5,11.32,3.79,0.11,0.33,17.6,17,11,11,49.5,41.2,0.1,9.5,6.8
La Liga,M,ESP,2020,vs Celta Vigo,opponent,30,38,49,438,141,32.2,11.53,3.71,0.1,0.31,17.9,16,5,5,42.1,38.3,0.09,6.9,5.7
La Liga,M,ESP,2020,vs Eibar,opponent,26,38,55,370,127,34.3,9.74,3.34,0.14,0.4,17.1,16,4,6,51,46.3,0.13,4,4.7
La Liga,M,ESP,2020,vs Espanyol,opponent,31,38,56,433,157,36.3,11.39,4.13,0.12,0.32,18.5,21,6,7,44.6,39.2,0.09,11.4,10.8
La Liga,M,ESP,2020,vs Getafe,opponent,30,38,36,277,102,36.8,7.29,2.68,0.11,0.3,16.6,15,5,6,39,34.4,0.13,-3,-3.4
La Liga,M,ESP,2020,vs Granada,opponent,27,38,45,439,149,33.9,11.55,3.92,0.09,0.28,18.9,25,4,5,41.1,37.4,0.09,3.9,3.6
La Liga,M,ESP,2020,vs Leganés,opponent,29,38,50,335,133,39.7,8.82,3.5,0.13,0.33,18.5,18,6,7,39,33.7,0.1,11,10.3
La Liga,M,ESP,2020,vs Levante,opponent,29,38,51,568,211,37.1,14.95,5.55,0.08,0.23,16.8,25,3,7,60.7,55.5,0.1,-9.7,-7.5
La Liga,M,ESP,2020,vs Mallorca,opponent,32,38,63,481,174,36.2,12.66,4.58,0.1,0.28,17.7,17,15,16,60.6,48.5,0.11,2.4,-0.5
La Liga,M,ESP,2020,vs Osasuna,opponent,31,38,54,413,138,33.4,10.87,3.63,0.12,0.36,17.4,25,5,5,46.2,42.4,0.11,7.8,6.6
La Liga,M,ESP,2020,vs Real Madrid,opponent,26,38,25,327,108,33,8.61,2.84,0.07,0.21,17.8,12,2,2,28.4,26.9,0.08,-3.4,-3.9
La Liga,M,ESP,2020,vs Real Sociedad,opponent,27,38,47,385,138,35.8,10.13,3.63,0.1,0.29,17.6,13,7,9,39.2,32.4,0.09,7.8,7.6
La Liga,M,ESP,2020,vs Sevilla,opponent,26,38,33,379,116,30.6,9.97,3.05,0.08,0.26,19.2,30,3,4,33.7,30.6,0.08,-0.7,-0.6
La Liga,M,ESP,2020,vs Valencia,opponent,28,38,52,558,182,32.6,14.68,4.79,0.08,0.25,18.1,37,7,9,52.3,45.6,0.08,-0.3,-0.6
La Liga,M,ESP,2020,vs Valladolid,opponent,30,38,43,455,134,29.5,11.97,3.53,0.08,0.27,18.2,22,7,8,46.3,40.3,0.09,-3.3,-4.3
La Liga,M,ESP,2020,vs Villarreal,opponent,25,38,47,468,159,34,12.32,4.18,0.08,0.25,18,22,8,9,44.6,37.8,0.08,2.4,1.2
La Liga,M,ESP,2019,Alavés,team,26,38,39,419,118,28.2,11.03,3.11,0.09,0.31,17.7,15,2,3,37.3,35,0.09,1.7,2
La Liga,M,ESP,2019,Athletic Club,team,27,38,38,368,133,36.1,9.68,3.5,0.09,0.25,16.5,6,5,7,40.2,34.8,0.1,-2.2,-1.8
La Liga,M,ESP,2019,Atlético Madrid,team,29,38,52,439,160,36.4,11.55,4.21,0.11,0.31,17.8,21,3,4,45.9,42.8,0.1,6.1,6.2
La Liga,M,ESP,2019,Barcelona,team,30,38,88,552,243,44,14.53,6.39,0.14,0.33,17.3,50,8,9,73.5,66.7,0.12,14.5,13.3
La Liga,M,ESP,2019,Betis,team,25,38,43,440,154,35,11.58,4.05,0.09,0.25,17.9,31,5,7,48.8,43.5,0.1,-5.8,-5.5
La Liga,M,ESP,2019,Celta Vigo,team,28,38,52,438,157,35.8,11.53,4.13,0.1,0.29,17.5,21,7,7,44.9,39.7,0.09,7.1,5.3
La Liga,M,ESP,2019,Eibar,team,25,38,46,519,154,29.7,13.66,4.05,0.08,0.25,16.7,19,7,8,50.8,44.8,0.09,-4.8,-5.8
La Liga,M,ESP,2019,Espanyol,team,25,38,44,464,153,33,12.21,4.03,0.09,0.26,18.4,25,4,4,48.8,45.8,0.1,-4.8,-5.8
La Liga,M,ESP,2019,Getafe,team,26,38,47,385,123,31.9,10.13,3.24,0.11,0.33,16.6,12,6,6,44.7,40.2,0.11,2.3,0.8
La Liga,M,ESP,2019,Girona,team,26,38,37,394,140,35.5,10.37,3.68,0.08,0.22,17.5,18,6,6,38.5,34.4,0.09,-1.5,-3.4
La Liga,M,ESP,2019,Huesca,team,30,38,43,470,140,29.8,12.37,3.68,0.08,0.26,17.3,18,6,7,45.9,40.6,0.09,-2.9,-3.6
La Liga,M,ESP,2019,Leganés,team,29,38,36,407,128,31.4,10.71,3.37,0.08,0.26,16.8,13,3,5,37.4,33.8,0.09,-1.4,-0.8
La Liga,M,ESP,2019,Levante,team,26,38,56,425,151,35.5,11.18,3.97,0.12,0.34,18.4,29,5,7,49.9,44.5,0.11,6.1,6.5
La Liga,M,ESP,2019,Rayo Vallecano,team,29,38,40,446,144,32.3,11.74,3.79,0.08,0.24,18.8,21,5,5,40.9,37.1,0.09,-0.9,-2.1
La Liga,M,ESP,2019,Real Madrid,team,27,38,61,579,202,34.9,15.24,5.32,0.09,0.26,17.2,19,9,9,61.4,54.8,0.1,-0.4,-2.8
La Liga,M,ESP,2019,Real Sociedad,team,30,38,44,413,131,31.7,10.87,3.45,0.09,0.27,17.9,15,8,10,46.5,39.3,0.1,-2.5,-3.3
La Liga,M,ESP,2019,Sevilla,team,27,38,61,516,170,32.9,13.58,4.47,0.11,0.33,16.4,12,5,6,63.5,58.8,0.12,-2.5,-2.8
La Liga,M,ESP,2019,Valencia,team,25,38,50,464,154,33.2,12.21,4.05,0.1,0.29,16.6,18,5,7,57.2,51.9,0.11,-7.2,-6.9
La Liga,M,ESP,2019,Valladolid,team,28,38,31,408,128,31.4,10.74,3.37,0.07,0.21,19.1,25,4,7,40.5,35.1,0.09,-9.5,-8.1
La Liga,M,ESP,2019,Villarreal,team,26,38,47,481,166,34.5,12.66,4.37,0.09,0.27,16.6,7,3,6,50.7,46.6,0.1,-3.7,-2.6
La Liga,M,ESP,2019,vs Alavés,opponent,26,38,48,492,159,32.3,12.95,4.18,0.09,0.26,17,26,6,6,50.8,46.6,0.1,-2.8,-4.6
La Liga,M,ESP,2019,vs Athletic Club,opponent,27,38,45,395,116,29.4,10.39,3.05,0.1,0.34,17.9,23,5,5,43.8,40,0.1,1.2,0
La Liga,M,ESP,2019,vs Atlético Madrid,opponent,29,38,27,423,130,30.7,11.13,3.42,0.05,0.17,18,22,5,5,38.7,35,0.08,-11.7,-13
La Liga,M,ESP,2019,vs Barcelona,opponent,30,38,36,409,129,31.5,10.76,3.39,0.08,0.26,17,18,2,2,40.6,39.1,0.1,-4.6,-5.1
La Liga,M,ESP,2019,vs Betis,opponent,25,38,52,417,156,37.4,10.97,4.11,0.12,0.31,17.2,24,4,5,47.1,43.3,0.11,4.9,4.7
La Liga,M,ESP,2019,vs Celta Vigo,opponent,28,38,61,473,163,34.5,12.45,4.29,0.12,0.34,17.4,14,6,7,59.8,54.5,0.12,1.2,0.5
La Liga,M,ESP,2019,vs Eibar,opponent,25,38,50,330,126,38.2,8.68,3.32,0.14,0.37,16.9,10,3,4,44.9,41.8,0.13,5.1,5.2
La Liga,M,ESP,2019,vs Espanyol,opponent,25,38,48,496,156,31.5,13.05,4.11,0.08,0.27,17.1,20,6,8,50.8,44.8,0.09,-2.8,-2.8
La Liga,M,ESP,2019,vs Getafe,opponent,26,38,32,371,128,34.5,9.76,3.37,0.08,0.22,16.6,11,4,7,40.7,35.5,0.1,-8.7,-7.5
La Liga,M,ESP,2019,vs Girona,opponent,26,38,52,511,198,38.7,13.45,5.21,0.09,0.22,17.8,17,8,8,50.5,44.8,0.09,1.5,-0.8
La Liga,M,ESP,2019,vs Huesca,opponent,30,38,62,453,167,36.9,11.92,4.39,0.12,0.32,17,28,9,9,57,50.2,0.11,5,2.8
La Liga,M,ESP,2019,vs Leganés,opponent,29,38,42,393,129,32.8,10.34,3.39,0.1,0.3,18.6,17,3,4,40,36.8,0.1,2,2.2
La Liga,M,ESP,2019,vs Levante,opponent,26,38,63,658,216,32.8,17.32,5.68,0.08,0.25,17.4,22,8,9,67.9,60.9,0.1,-4.9,-5.9
La Liga,M,ESP,2019,vs Rayo Vallecano,opponent,29,38,69,428,174,40.7,11.26,4.58,0.14,0.36,16.9,24,7,11,54.4,46.2,0.11,14.6,15.8
La Liga,M,ESP,2019,vs Real Madrid,opponent,27,38,46,384,133,34.6,10.11,3.5,0.1,0.3,17.5,15,6,8,45.6,40.4,0.11,0.4,-0.4
La Liga,M,ESP,2019,vs Real Sociedad,opponent,30,38,44,436,141,32.3,11.47,3.71,0.1,0.3,17.3,17,2,3,43.8,41.4,0.1,0.2,0.6
La Liga,M,ESP,2019,vs Sevilla,opponent,27,38,46,450,145,32.2,11.84,3.82,0.09,0.28,18.4,20,6,7,44.1,38.7,0.09,1.9,1.3
La Liga,M,ESP,2019,vs Valencia,opponent,25,38,33,463,146,31.5,12.18,3.84,0.06,0.18,18.8,30,7,8,40.5,34.6,0.08,-7.5,-8.6
La Liga,M,ESP,2019,vs Valladolid,opponent,28,38,50,488,151,30.9,12.84,3.97,0.09,0.29,16.8,17,6,9,52.9,46.2,0.1,-2.9,-2.2
La Liga,M,ESP,2019,vs Villarreal,opponent,26,38,49,557,186,33.4,14.66,4.89,0.08,0.25,17,20,3,5,53.4,49.6,0.09,-4.4,-3.6
La Liga,M,ESP,2018,Alavés,team,30,38,40,393,137,34.9,10.34,3.61,0.1,0.28,18.3,22,1,3,39,36.7,0.1,1,2.3
La Liga,M,ESP,2018,Athletic Club,team,27,38,39,434,150,34.6,11.42,3.95,0.08,0.22,15.4,10,6,8,45.6,39.8,0.09,-6.6,-6.8
La Liga,M,ESP,2018,Atlético Madrid,team,26,38,57,416,152,36.5,10.95,4,0.13,0.35,17.3,12,4,5,47.8,44.2,0.11,9.2,8.8
La Liga,M,ESP,2018,Barcelona,team,25,38,96,581,264,45.4,15.29,6.95,0.16,0.35,15.9,59,3,5,78.3,75.2,0.14,17.7,17.8
La Liga,M,ESP,2018,Betis,team,29,38,56,412,161,39.1,10.84,4.24,0.13,0.34,18.4,21,2,3,41.1,39.1,0.1,14.9,14.9
La Liga,M,ESP,2018,Celta Vigo,team,22,38,57,445,157,35.3,11.71,4.13,0.12,0.35,16.6,30,2,3,52,49.7,0.12,5,5.3
La Liga,M,ESP,2018,Eibar,team,26,38,43,488,140,28.7,12.84,3.68,0.08,0.29,17.5,21,2,3,39.9,37.6,0.08,3.1,3.4
La Liga,M,ESP,2018,Espanyol,team,25,38,33,422,134,31.8,11.11,3.53,0.07,0.23,17.6,16,2,3,42.9,40.5,0.1,-8.9,-8.5
La Liga,M,ESP,2018,Getafe,team,32,38,41,368,125,34,9.68,3.29,0.1,0.29,17.9,15,5,12,46.4,37.1,0.11,-5.4,-1.1
La Liga,M,ESP,2018,Girona,team,25,38,50,462,154,33.3,12.16,4.05,0.1,0.29,17.6,24,6,8,49,42.9,0.1,1,1.1
La Liga,M,ESP,2018,La Coruña,team,32,38,38,466,141,30.3,12.26,3.71,0.08,0.25,17.2,12,3,5,49.2,45.4,0.1,-11.2,-10.4
La Liga,M,ESP,2018,Las Palmas,team,36,38,24,417,121,29,10.97,3.18,0.04,0.15,19.5,39,6,8,38,31.9,0.08,-14,-13.9
La Liga,M,ESP,2018,Leganés,team,28,38,32,408,136,33.3,10.74,3.58,0.07,0.22,18.1,14,2,3,40,37.7,0.1,-8,-7.7
La Liga,M,ESP,2018,Levante,team,33,38,43,422,120,28.4,11.11,3.16,0.09,0.32,18,27,5,5,42.4,38.6,0.09,0.6,-0.6
La Liga,M,ESP,2018,Málaga,team,36,38,23,397,117,29.5,10.45,3.08,0.05,0.16,17.3,15,4,6,33.4,28.8,0.07,-9.4,-8.8
La Liga,M,ESP,2018,Real Madrid,team,24,38,91,706,266,37.7,18.58,7,0.12,0.31,16.2,28,8,10,83.3,75.6,0.11,7.7,7.4
La Liga,M,ESP,2018,Real Sociedad,team,27,38,64,518,170,32.8,13.63,4.47,0.12,0.35,17.3,20,4,5,55,51.2,0.1,9,8.8
La Liga,M,ESP,2018,Sevilla,team,31,38,48,519,178,34.3,13.66,4.68,0.08,0.25,16.9,16,4,5,56.5,52.8,0.1,-8.5,-8.8
La Liga,M,ESP,2018,Valencia,team,25,38,63,483,178,36.9,12.71,4.68,0.11,0.31,17.7,26,8,8,56,49.9,0.11,7,5.1
La Liga,M,ESP,2018,Villarreal,team,32,38,56,491,170,34.6,12.92,4.47,0.11,0.31,18.1,16,4,5,52.2,48.4,0.1,3.8,3.6
La Liga,M,ESP,2018,vs Alavés,opponent,30,38,48,528,177,33.5,13.89,4.66,0.08,0.23,17.6,29,7,10,53.2,46,0.09,-5.2,-5
La Liga,M,ESP,2018,vs Athletic Club,opponent,27,38,46,476,161,33.8,12.53,4.24,0.09,0.27,18.2,30,3,6,47.4,42.8,0.09,-1.4,0.2
La Liga,M,ESP,2018,vs Atlético Madrid,opponent,26,38,22,450,129,28.7,11.84,3.39,0.05,0.16,18.5,24,1,4,37,34,0.08,-15,-13
La Liga,M,ESP,2018,vs Barcelona,opponent,25,38,29,441,136,30.8,11.61,3.58,0.06,0.2,18.7,15,2,2,41.1,39.6,0.09,-12.1,-12.6
La Liga,M,ESP,2018,vs Betis,opponent,29,38,57,475,153,32.2,12.5,4.03,0.11,0.35,16.5,20,3,4,50.6,47.4,0.1,6.4,6.6
La Liga,M,ESP,2018,vs Celta Vigo,opponent,22,38,59,454,167,36.8,11.95,4.39,0.12,0.33,16.1,14,4,5,51.6,47.9,0.11,7.4,7.1
La Liga,M,ESP,2018,vs Eibar,opponent,26,38,47,325,130,40,8.55,3.42,0.13,0.33,16.7,16,4,4,44.4,41.4,0.13,2.6,1.6
La Liga,M,ESP,2018,vs Espanyol,opponent,25,38,40,491,166,33.8,12.92,4.37,0.07,0.22,17.8,20,4,6,47.6,43.1,0.09,-7.6,-7.1
La Liga,M,ESP,2018,vs Getafe,opponent,32,38,33,390,127,32.6,10.26,3.34,0.08,0.24,17.6,22,2,4,36.8,33.7,0.09,-3.8,-2.7
La Liga,M,ESP,2018,vs Girona,opponent,25,38,56,434,173,39.9,11.42,4.55,0.12,0.3,17.5,28,4,5,46.8,43,0.1,9.2,9
La Liga,M,ESP,2018,vs La Coruña,opponent,32,38,74,528,179,33.9,13.89,4.71,0.13,0.39,17.2,22,4,5,57.8,54,0.11,16.2,16
La Liga,M,ESP,2018,vs Las Palmas,opponent,36,38,73,518,213,41.1,13.63,5.61,0.13,0.32,16.1,21,5,5,65.2,61.4,0.12,7.8,6.6
La Liga,M,ESP,2018,vs Leganés,opponent,28,38,51,434,161,37.1,11.42,4.24,0.1,0.28,17.6,20,6,7,46.7,41.6,0.1,4.3,3.4
La Liga,M,ESP,2018,vs Levante,opponent,33,38,55,546,178,32.6,14.37,4.68,0.09,0.28,16.5,22,5,6,60.6,56,0.11,-5.6,-6
La Liga,M,ESP,2018,vs Málaga,opponent,36,38,61,449,162,36.1,11.82,4.26,0.12,0.34,17.5,16,6,7,52.7,47.3,0.11,8.3,7.7
La Liga,M,ESP,2018,vs Real Madrid,opponent,24,38,42,405,148,36.5,10.66,3.89,0.1,0.27,17.3,17,2,4,45.4,43,0.11,-3.4,-3
La Liga,M,ESP,2018,vs Real Sociedad,opponent,27,38,58,396,141,35.6,10.42,3.71,0.13,0.37,16.8,19,6,8,47.2,41,0.11,10.8,11
La Liga,M,ESP,2018,vs Sevilla,opponent,31,38,57,484,147,30.4,12.74,3.87,0.11,0.35,17.5,26,5,8,55.3,49.2,0.1,1.7,2.8
La Liga,M,ESP,2018,vs Valencia,opponent,25,38,38,487,172,35.3,12.82,4.53,0.07,0.2,18.4,34,3,5,44.8,41,0.09,-6.8,-6
La Liga,M,ESP,2018,vs Villarreal,opponent,32,38,50,537,151,28.1,14.13,3.97,0.08,0.3,17.1,28,5,8,55.4,49.4,0.1,-5.4,-4.4
Ligue 1,M,FRA,2020,Amiens,team,27,28,31,229,77,33.6,8.18,2.75,0.12,0.36,19.1,13,3,5,26.8,22.8,0.1,4.2,5.2
Ligue 1,M,FRA,2020,Angers,team,26,28,27,367,112,30.5,13.11,4,0.07,0.23,18.8,16,1,1,27,26.3,0.07,0,-0.3
Ligue 1,M,FRA,2020,Bordeaux,team,26,28,40,309,109,35.3,11.04,3.89,0.12,0.35,19.1,20,2,2,29.7,28.2,0.09,10.3,9.8
Ligue 1,M,FRA,2020,Brest,team,24,28,32,321,96,29.9,11.46,3.43,0.1,0.32,19.3,6,1,5,30.2,26.4,0.08,1.8,4.6
Ligue 1,M,FRA,2020,Dijon,team,28,28,26,337,99,29.4,12.04,3.54,0.07,0.25,18,11,1,1,28.8,28.1,0.08,-2.8,-3.1
Ligue 1,M,FRA,2020,Lille,team,25,28,35,346,123,35.5,12.36,4.39,0.09,0.24,17.9,10,5,8,39.7,33.6,0.1,-4.7,-3.6
Ligue 1,M,FRA,2020,Lyon,team,27,28,42,351,124,35.3,12.54,4.43,0.11,0.3,18.7,15,5,6,37.2,32.8,0.1,4.8,4.2
Ligue 1,M,FRA,2020,Marseille,team,23,28,38,371,113,30.5,13.25,4.04,0.09,0.3,19.1,19,4,6,34.2,29.6,0.08,3.8,4.4
Ligue 1,M,FRA,2020,Metz,team,24,28,27,305,93,30.5,10.89,3.32,0.08,0.27,20.5,19,2,4,27.3,24.3,0.08,-0.3,0.7
Ligue 1,M,FRA,2020,Monaco,team,28,28,44,371,140,37.7,13.25,5,0.11,0.29,16.4,16,4,4,48,45,0.13,-4,-5
Ligue 1,M,FRA,2020,Montpellier,team,27,28,33,350,113,32.3,12.5,4.04,0.09,0.27,18.7,21,2,5,32,28.2,0.08,1,2.8
Ligue 1,M,FRA,2020,Nantes,team,29,28,23,335,114,34,11.96,4.07,0.06,0.18,19.9,9,2,2,27.8,26.4,0.08,-4.8,-5.4
Ligue 1,M,FRA,2020,Nice,team,31,28,41,331,128,38.7,11.82,4.57,0.11,0.28,18.5,25,5,5,35.2,31.5,0.1,5.8,4.5
Ligue 1,M,FRA,2020,Nîmes,team,28,28,29,350,110,31.4,12.5,3.93,0.08,0.25,19,12,2,2,29.7,28.1,0.08,-0.7,-1.1
Ligue 1,M,FRA,2020,Paris S-G,team,31,27,71,440,185,42,16.3,6.85,0.15,0.35,15.3,21,6,8,70.9,64.8,0.15,0.1,0.2
Ligue 1,M,FRA,2020,Reims,team,26,28,25,322,88,27.3,11.5,3.14,0.06,0.23,18.8,11,5,5,28.3,24.6,0.08,-3.3,-4.6
Ligue 1,M,FRA,2020,Rennes,team,26,28,37,337,110,32.6,12.04,3.93,0.1,0.31,18.4,25,3,5,36.5,32.6,0.1,0.5,1.4
Ligue 1,M,FRA,2020,Saint-Étienne,team,31,28,28,303,97,32,10.82,3.46,0.08,0.24,18.7,15,5,5,28.8,25.1,0.09,-0.8,-2.1
Ligue 1,M,FRA,2020,Strasbourg,team,25,27,32,319,103,32.3,11.81,3.81,0.09,0.28,17.6,12,3,4,35,31.9,0.1,-3,-2.9
Ligue 1,M,FRA,2020,Toulouse,team,30,28,21,310,89,28.7,11.07,3.18,0.05,0.19,17.7,12,4,6,30.1,25.5,0.08,-9.1,-8.5
Ligue 1,M,FRA,2020,vs Amiens,opponent,27,28,49,408,140,34.3,14.57,5,0.12,0.34,19.1,21,1,1,35.5,34.7,0.09,13.5,13.3
Ligue 1,M,FRA,2020,vs Angers,opponent,26,28,32,266,85,32,9.5,3.04,0.11,0.34,17.8,12,3,3,28.7,26.5,0.1,3.3,2.5
Ligue 1,M,FRA,2020,vs Bordeaux,opponent,26,28,33,355,106,29.9,12.68,3.79,0.09,0.29,18.8,10,2,3,33.2,30.9,0.09,-0.2,0.1
Ligue 1,M,FRA,2020,vs Brest,opponent,24,28,37,406,138,34,14.5,4.93,0.08,0.24,17.1,17,4,6,40.5,36,0.09,-3.5,-3
Ligue 1,M,FRA,2020,vs Dijon,opponent,28,28,35,396,129,32.6,14.14,4.61,0.09,0.26,18.1,13,1,1,43.1,42.3,0.11,-8.1,-8.3
Ligue 1,M,FRA,2020,vs Lille,opponent,25,28,24,270,78,28.9,9.64,2.79,0.07,0.26,17.4,14,4,6,29.6,25,0.1,-5.6,-5
Ligue 1,M,FRA,2020,vs Lyon,opponent,27,28,24,307,96,31.3,10.96,3.43,0.07,0.23,20.6,20,2,3,26,23.7,0.08,-2,-1.7
Ligue 1,M,FRA,2020,vs Marseille,opponent,23,28,27,276,97,35.1,9.86,3.46,0.08,0.24,18.3,19,4,5,30.5,26.8,0.1,-3.5,-3.8
Ligue 1,M,FRA,2020,vs Metz,opponent,24,28,35,383,132,34.5,13.68,4.71,0.08,0.23,18.5,18,4,4,34.3,31.2,0.08,0.7,-0.2
Ligue 1,M,FRA,2020,vs Monaco,opponent,28,28,43,361,132,36.6,12.89,4.71,0.1,0.28,17.9,14,6,6,39.9,35.4,0.1,3.1,1.6
Ligue 1,M,FRA,2020,vs Montpellier,opponent,27,28,32,365,126,34.5,13.04,4.5,0.08,0.23,19.6,26,3,5,34.1,30.3,0.09,-2.1,-1.3
Ligue 1,M,FRA,2020,vs Nantes,opponent,29,28,31,296,97,32.8,10.57,3.46,0.09,0.29,18.1,15,3,6,33.5,28.8,0.1,-2.5,-0.8
Ligue 1,M,FRA,2020,vs Nice,opponent,31,28,36,384,135,35.2,13.71,4.82,0.08,0.23,18.1,14,5,7,41.7,36.5,0.1,-5.7,-5.5
Ligue 1,M,FRA,2020,vs Nîmes,opponent,28,28,43,339,120,35.4,12.11,4.29,0.12,0.33,17.7,16,4,4,43.8,40.8,0.13,-0.8,-1.8
Ligue 1,M,FRA,2020,vs Paris S-G,opponent,31,27,23,269,82,30.5,9.96,3.04,0.09,0.28,18.3,7,0,0,22.7,22.7,0.08,0.3,0.3
Ligue 1,M,FRA,2020,vs Reims,opponent,26,28,21,282,87,30.9,10.07,3.11,0.07,0.22,18.7,13,2,6,26.4,21.6,0.08,-5.4,-2.6
Ligue 1,M,FRA,2020,vs Rennes,opponent,26,28,23,346,92,26.6,12.36,3.29,0.06,0.22,19.5,9,3,5,29.3,25.6,0.08,-6.3,-5.6
Ligue 1,M,FRA,2020,vs Saint-Étienne,opponent,31,28,45,320,116,36.3,11.43,4.14,0.13,0.34,18,13,5,6,35.3,31,0.1,9.7,9
Ligue 1,M,FRA,2020,vs Strasbourg,opponent,25,27,32,267,95,35.6,9.89,3.52,0.1,0.27,18.4,16,6,7,30.8,25.5,0.1,1.2,0.5
Ligue 1,M,FRA,2020,vs Toulouse,opponent,30,28,57,408,140,34.3,14.57,5,0.13,0.39,18,21,3,5,44.1,40.3,0.1,12.9,13.7
Ligue 1,M,FRA,2019,Amiens,team,26,38,30,393,115,29.3,10.34,3.03,0.07,0.24,19.2,21,2,3,34.6,32.3,0.08,-4.6,-4.3
Ligue 1,M,FRA,2019,Angers,team,24,38,42,453,151,33.3,11.92,3.97,0.08,0.25,17.9,19,5,10,47.7,39.8,0.09,-5.7,-2.8
Ligue 1,M,FRA,2019,Bordeaux,team,33,38,34,431,133,30.9,11.34,3.5,0.07,0.22,19.4,22,5,6,40.2,35.7,0.09,-6.2,-6.7
Ligue 1,M,FRA,2019,Caen,team,27,38,29,338,92,27.2,8.89,2.42,0.07,0.27,19.7,18,4,4,31.1,28.1,0.09,-2.1,-3.1
Ligue 1,M,FRA,2019,Dijon,team,26,38,29,451,140,31,11.87,3.68,0.06,0.19,18.9,24,3,4,39.6,36.5,0.08,-10.6,-10.5
Ligue 1,M,FRA,2019,Guingamp,team,30,38,28,417,111,26.6,10.97,2.92,0.06,0.21,18,17,5,6,39.7,35.1,0.09,-11.7,-12.1
Ligue 1,M,FRA,2019,Lille,team,25,38,66,487,182,37.4,12.82,4.79,0.11,0.3,18.6,27,11,13,58.4,48.5,0.1,7.6,6.5
Ligue 1,M,FRA,2019,Lyon,team,25,38,70,665,244,36.7,17.5,6.42,0.1,0.27,17.3,48,5,10,73.7,66.3,0.1,-3.7,-1.3
Ligue 1,M,FRA,2019,Marseille,team,24,38,59,532,168,31.6,14,4.42,0.1,0.33,17.1,19,4,5,52.4,48.7,0.09,6.6,6.3
Ligue 1,M,FRA,2019,Monaco,team,42,38,38,475,151,31.8,12.5,3.97,0.07,0.23,17.5,25,4,5,48.9,45.1,0.1,-10.9,-11.1
Ligue 1,M,FRA,2019,Montpellier,team,25,38,50,499,168,33.7,13.13,4.42,0.09,0.28,18.6,26,3,3,45.3,43,0.09,4.7,4
Ligue 1,M,FRA,2019,Nantes,team,33,38,47,521,143,27.4,13.71,3.76,0.08,0.29,19.5,23,6,8,47.8,41.7,0.08,-0.8,-0.7
Ligue 1,M,FRA,2019,Nice,team,30,38,27,447,127,28.4,11.76,3.34,0.05,0.17,18.8,30,5,9,44.3,37.5,0.09,-17.3,-15.5
Ligue 1,M,FRA,2019,Nîmes,team,23,38,55,519,175,33.7,13.66,4.61,0.1,0.29,18.7,25,4,6,47.9,43.3,0.08,7.1,7.7
Ligue 1,M,FRA,2019,Paris S-G,team,30,38,103,558,200,35.8,14.68,5.26,0.17,0.47,16.2,29,10,12,91.1,82.1,0.16,11.9,10.9
Ligue 1,M,FRA,2019,Reims,team,27,38,39,412,136,33,10.84,3.58,0.09,0.27,17.6,15,2,2,40.8,39.3,0.1,-1.8,-2.3
Ligue 1,M,FRA,2019,Rennes,team,28,38,53,472,148,31.4,12.42,3.89,0.1,0.31,18,46,7,10,52.3,44.8,0.1,0.7,1.2
Ligue 1,M,FRA,2019,Saint-Étienne,team,29,38,56,499,162,32.5,13.13,4.26,0.1,0.31,17.6,18,5,5,56,52.2,0.11,0,-1.2
Ligue 1,M,FRA,2019,Strasbourg,team,26,38,57,398,145,36.4,10.47,3.82,0.13,0.36,18.2,11,5,7,42.3,36.9,0.1,14.7,15.1
Ligue 1,M,FRA,2019,Toulouse,team,29,38,35,421,118,28,11.08,3.11,0.07,0.24,17.9,17,7,11,43.7,35.5,0.09,-8.7,-7.5
Ligue 1,M,FRA,2019,vs Amiens,opponent,26,38,50,498,155,31.1,13.11,4.08,0.09,0.28,18.3,18,6,9,46.2,39.5,0.08,3.8,4.5
Ligue 1,M,FRA,2019,vs Angers,opponent,24,38,47,463,160,34.6,12.18,4.21,0.1,0.28,18.1,30,3,5,46.9,43.1,0.1,0.1,0.9
Ligue 1,M,FRA,2019,vs Bordeaux,opponent,33,38,42,510,147,28.8,13.42,3.87,0.07,0.24,17.8,20,6,7,53.1,47.8,0.1,-11.1,-11.8
Ligue 1,M,FRA,2019,vs Caen,opponent,27,38,52,542,182,33.6,14.26,4.79,0.08,0.25,17.9,35,6,8,57.5,51.7,0.1,-5.5,-5.7
Ligue 1,M,FRA,2019,vs Dijon,opponent,26,38,59,542,170,31.4,14.26,4.47,0.1,0.33,18.4,36,3,3,60.9,58.6,0.11,-1.9,-2.6
Ligue 1,M,FRA,2019,vs Guingamp,opponent,30,38,68,455,163,35.8,11.97,4.29,0.14,0.4,17.7,15,3,6,50.1,45.6,0.1,17.9,19.4
Ligue 1,M,FRA,2019,vs Lille,opponent,25,38,33,380,118,31.1,10,3.11,0.07,0.23,17.7,21,6,10,42.7,35.1,0.1,-9.7,-8.1
Ligue 1,M,FRA,2019,vs Lyon,opponent,25,38,43,471,146,31,12.39,3.84,0.08,0.26,19.4,21,5,5,42.6,38.8,0.09,0.4,-0.8
Ligue 1,M,FRA,2019,vs Marseille,opponent,24,38,52,394,130,33,10.37,3.42,0.11,0.32,18.7,28,10,12,46,36.8,0.1,6,5.2
Ligue 1,M,FRA,2019,vs Monaco,opponent,42,38,55,427,142,33.3,11.24,3.74,0.12,0.35,17.7,24,5,8,47.3,41.2,0.1,7.7,8.8
Ligue 1,M,FRA,2019,vs Montpellier,opponent,25,38,40,456,138,30.3,12,3.63,0.08,0.27,19.5,30,3,5,43.5,39.8,0.09,-3.5,-2.8
Ligue 1,M,FRA,2019,vs Nantes,opponent,33,38,48,421,126,29.9,11.08,3.32,0.1,0.35,18.1,18,4,8,47.8,41.6,0.1,0.2,2.4
Ligue 1,M,FRA,2019,vs Nice,opponent,30,38,34,496,153,30.8,13.05,4.03,0.06,0.2,17.8,22,3,6,49.2,44.6,0.09,-15.2,-13.6
Ligue 1,M,FRA,2019,vs Nîmes,opponent,23,38,58,487,177,36.3,12.82,4.66,0.11,0.31,18.3,32,4,5,55.6,51.8,0.11,2.4,2.2
Ligue 1,M,FRA,2019,vs Paris S-G,opponent,30,38,32,394,124,31.5,10.37,3.26,0.07,0.22,18.8,13,5,6,35.9,31.2,0.08,-3.9,-4.2
Ligue 1,M,FRA,2019,vs Reims,opponent,27,38,40,448,147,32.8,11.79,3.87,0.07,0.22,18.5,27,7,7,45,39.7,0.09,-5,-6.7
Ligue 1,M,FRA,2019,vs Rennes,opponent,28,38,51,472,152,32.2,12.42,4,0.1,0.31,17.4,18,4,5,48.7,44.8,0.1,2.3,2.2
Ligue 1,M,FRA,2019,vs Saint-Étienne,opponent,29,38,40,468,152,32.5,12.32,4,0.07,0.22,17.7,13,7,9,50.6,44,0.1,-10.6,-11
Ligue 1,M,FRA,2019,vs Strasbourg,opponent,26,38,47,488,152,31.1,12.84,4,0.08,0.26,17.5,27,7,9,49.9,43,0.09,-2.9,-3
Ligue 1,M,FRA,2019,vs Toulouse,opponent,29,38,56,576,175,30.4,15.16,4.61,0.09,0.29,18.4,32,5,6,58.3,53.7,0.1,-2.3,-2.7
Ligue 1,M,FRA,2018,Amiens,team,30,38,36,372,110,29.6,9.79,2.89,0.09,0.3,19.3,13,3,4,35.2,32.2,0.09,0.8,0.8
Ligue 1,M,FRA,2018,Angers,team,27,38,41,467,155,33.2,12.29,4.08,0.08,0.24,18.2,19,4,4,45.6,42.6,0.09,-4.6,-5.6
Ligue 1,M,FRA,2018,Bordeaux,team,31,38,52,492,157,31.9,12.95,4.13,0.1,0.31,18.2,23,4,6,52.6,47.8,0.1,-0.6,0.2
Ligue 1,M,FRA,2018,Caen,team,26,38,25,474,125,26.4,12.47,3.29,0.04,0.16,19.3,12,5,8,42.3,36.3,0.08,-17.3,-16.3
Ligue 1,M,FRA,2018,Dijon,team,26,38,52,455,166,36.5,11.97,4.37,0.1,0.28,18.5,26,5,5,42.9,39.1,0.09,9.1,7.9
Ligue 1,M,FRA,2018,Guingamp,team,23,38,46,462,162,35.1,12.16,4.26,0.09,0.25,18,34,6,7,45.4,40.4,0.09,0.6,-0.4
Ligue 1,M,FRA,2018,Lille,team,25,38,41,441,144,32.7,11.61,3.79,0.09,0.27,19.9,22,2,2,37.7,36.2,0.08,3.3,2.8
Ligue 1,M,FRA,2018,Lyon,team,26,38,85,602,229,38,15.84,6.03,0.13,0.34,17.9,54,6,7,66.9,61.8,0.11,18.1,17.2
Ligue 1,M,FRA,2018,Marseille,team,26,38,79,629,222,35.3,16.55,5.84,0.12,0.33,16.9,23,5,8,72.2,66.2,0.11,6.8,7.8
Ligue 1,M,FRA,2018,Metz,team,36,38,33,448,167,37.3,11.79,4.39,0.07,0.18,18.6,16,3,4,37.9,35,0.08,-4.9,-5
Ligue 1,M,FRA,2018,Monaco,team,32,38,83,496,174,35.1,13.05,4.58,0.15,0.44,17,31,7,8,61.5,55.6,0.12,21.5,20.4
Ligue 1,M,FRA,2018,Montpellier,team,23,38,36,501,159,31.7,13.18,4.18,0.07,0.23,19.3,25,0,2,42.4,40.9,0.08,-6.4,-4.9
Ligue 1,M,FRA,2018,Nantes,team,30,38,36,522,140,26.8,13.74,3.68,0.06,0.23,18.6,35,4,5,43.3,39.5,0.08,-7.3,-7.5
Ligue 1,M,FRA,2018,Nice,team,31,38,52,491,175,35.6,12.92,4.61,0.09,0.25,18.6,32,8,10,51.7,44.3,0.09,0.3,-0.3
Ligue 1,M,FRA,2018,Paris S-G,team,26,38,100,637,249,39.1,16.76,6.55,0.15,0.37,16.4,37,7,9,89.1,82.6,0.13,10.9,10.4
Ligue 1,M,FRA,2018,Rennes,team,28,38,48,474,146,30.8,12.47,3.84,0.09,0.29,18.8,30,6,8,49.4,43.4,0.09,-1.4,-1.4
Ligue 1,M,FRA,2018,Saint-Étienne,team,30,38,45,443,147,33.2,11.66,3.87,0.09,0.26,17.5,19,7,11,52.2,44.2,0.11,-7.2,-6.2
Ligue 1,M,FRA,2018,Strasbourg,team,25,38,43,464,127,27.4,12.21,3.34,0.08,0.28,18,22,7,7,45.3,40,0.09,-1.3,-3
Ligue 1,M,FRA,2018,Toulouse,team,25,38,35,437,140,32,11.5,3.68,0.06,0.19,18,24,8,11,46,37.8,0.09,-10,-9.8
Ligue 1,M,FRA,2018,Troyes,team,25,38,30,365,124,34,9.61,3.26,0.08,0.23,17.7,16,2,3,36.6,34.3,0.1,-6.6,-6.3
Ligue 1,M,FRA,2018,vs Amiens,opponent,30,38,42,621,184,29.6,16.34,4.84,0.06,0.21,18.5,28,4,4,55.5,52.5,0.09,-13.5,-14.5
Ligue 1,M,FRA,2018,vs Angers,opponent,27,38,48,421,143,34,11.08,3.76,0.1,0.29,18.7,26,7,7,44,38.7,0.09,4,2.3
Ligue 1,M,FRA,2018,vs Bordeaux,opponent,31,38,47,420,127,30.2,11.05,3.34,0.1,0.34,19.6,37,4,8,40.7,35,0.09,6.3,8
Ligue 1,M,FRA,2018,vs Caen,opponent,26,38,48,467,151,32.3,12.29,3.97,0.09,0.28,17.9,25,5,5,48.8,45,0.1,-0.8,-2
Ligue 1,M,FRA,2018,vs Dijon,opponent,26,38,70,528,199,37.7,13.89,5.24,0.11,0.3,17.8,38,11,14,69.1,58.7,0.12,0.9,0.3
Ligue 1,M,FRA,2018,vs Guingamp,opponent,23,38,58,506,169,33.4,13.32,4.45,0.1,0.31,18,25,5,7,53.8,48.3,0.1,4.2,4.7
Ligue 1,M,FRA,2018,vs Lille,opponent,25,38,64,502,183,36.5,13.21,4.82,0.12,0.32,17.6,19,5,7,56.8,51.6,0.11,7.2,7.4
Ligue 1,M,FRA,2018,vs Lyon,opponent,26,38,40,443,147,33.2,11.66,3.87,0.08,0.24,19.3,28,5,8,39.7,33.6,0.08,0.3,1.4
Ligue 1,M,FRA,2018,vs Marseille,opponent,26,38,45,412,144,35,10.84,3.79,0.1,0.28,17.3,22,4,6,41.9,37.4,0.09,3.1,3.6
Ligue 1,M,FRA,2018,vs Metz,opponent,36,38,74,547,213,38.9,14.39,5.61,0.13,0.33,16.7,24,3,5,67,63.1,0.12,7,7.9
Ligue 1,M,FRA,2018,vs Monaco,opponent,32,38,44,463,152,32.8,12.18,4,0.08,0.26,17.9,25,5,5,47,43.8,0.1,-3,-4.8
Ligue 1,M,FRA,2018,vs Montpellier,opponent,23,38,33,401,121,30.2,10.55,3.18,0.07,0.23,18.6,26,5,6,41.7,37.3,0.1,-8.7,-9.3
Ligue 1,M,FRA,2018,vs Nantes,opponent,30,38,40,493,137,27.8,12.97,3.61,0.08,0.27,18.4,25,3,4,41.3,38.3,0.08,-1.3,-1.3
Ligue 1,M,FRA,2018,vs Nice,opponent,31,38,49,509,157,30.8,13.39,4.13,0.09,0.29,18.5,24,3,5,48.1,44.4,0.09,0.9,1.6
Ligue 1,M,FRA,2018,vs Paris S-G,opponent,26,38,29,417,122,29.3,10.97,3.21,0.06,0.21,20.5,25,3,5,32.3,28.6,0.07,-3.3,-2.6
Ligue 1,M,FRA,2018,vs Rennes,opponent,28,38,42,450,151,33.6,11.84,3.97,0.08,0.25,17.7,17,5,8,53.5,47.4,0.11,-11.5,-10.4
Ligue 1,M,FRA,2018,vs Saint-Étienne,opponent,30,38,49,542,177,32.7,14.26,4.66,0.08,0.24,18,24,6,7,51.6,46.3,0.09,-2.6,-3.3
Ligue 1,M,FRA,2018,vs Strasbourg,opponent,25,38,67,472,177,37.5,12.42,4.66,0.13,0.34,17,24,6,7,56.1,50.8,0.11,10.9,10.2
Ligue 1,M,FRA,2018,vs Toulouse,opponent,25,38,53,487,161,33.1,12.82,4.24,0.1,0.29,17.6,27,6,6,53.1,48.8,0.1,-0.1,-1.8
Ligue 1,M,FRA,2018,vs Troyes,opponent,25,38,58,571,203,35.6,15.03,5.34,0.09,0.27,18.5,24,4,5,54.2,50.6,0.09,3.8,3.4
Fußball-Bundesliga,M,GER,2020,Augsburg,team,28,34,45,358,128,35.8,10.53,3.76,0.12,0.33,18.5,24,3,5,42.1,38.2,0.11,2.9,3.8
Fußball-Bundesliga,M,GER,2020,Bayern Munich,team,29,34,97,611,241,39.4,17.97,7.09,0.15,0.38,15.9,13,6,6,82.3,77.8,0.13,14.7,13.2
Fußball-Bundesliga,M,GER,2020,Dortmund,team,27,34,84,443,186,42,13.03,5.47,0.19,0.44,16.2,14,2,2,59.2,57.9,0.13,24.8,24.1
Fußball-Bundesliga,M,GER,2020,Düsseldorf,team,28,34,36,424,114,26.9,12.47,3.35,0.08,0.28,19.3,20,4,4,33,30,0.07,3,2
Fußball-Bundesliga,M,GER,2020,Eint Frankfurt,team,27,34,57,492,173,35.2,14.47,5.09,0.11,0.32,16.2,17,2,2,52.5,51,0.11,4.5,4
Fußball-Bundesliga,M,GER,2020,Freiburg,team,26,34,46,435,140,32.2,12.79,4.12,0.09,0.29,17.4,26,5,6,41.7,37.2,0.09,4.3,3.8
Fußball-Bundesliga,M,GER,2020,Hertha BSC,team,32,34,46,359,120,33.4,10.56,3.53,0.12,0.36,16.9,12,3,3,40.6,38.3,0.11,5.4,4.7
Fußball-Bundesliga,M,GER,2020,Hoffenheim,team,31,34,52,444,154,34.7,13.06,4.53,0.11,0.32,16.6,24,3,4,49.9,46.9,0.11,2.1,2.1
Fußball-Bundesliga,M,GER,2020,Köln,team,29,34,50,413,147,35.6,12.15,4.32,0.12,0.33,16.2,20,2,4,47.2,44.5,0.11,2.8,3.5
Fußball-Bundesliga,M,GER,2020,Leverkusen,team,24,34,57,490,183,37.3,14.41,5.38,0.11,0.3,16.2,4,2,2,56.6,55.1,0.12,0.4,-0.1
Fußball-Bundesliga,M,GER,2020,M'Gladbach,team,25,34,64,476,189,39.7,14,5.56,0.13,0.32,16.3,23,4,6,66.4,61.7,0.13,-2.4,-1.7
Fußball-Bundesliga,M,GER,2020,Mainz 05,team,25,34,42,446,139,31.2,13.12,4.09,0.09,0.28,18.1,12,3,3,44.3,42.2,0.1,-2.3,-3.2
Fußball-Bundesliga,M,GER,2020,Paderborn 07,team,27,34,37,424,130,30.7,12.47,3.82,0.08,0.27,19.1,20,2,4,38.6,35.6,0.09,-1.6,-0.6
Fußball-Bundesliga,M,GER,2020,RB Leipzig,team,29,34,81,539,205,38,15.85,6.03,0.14,0.37,16.4,23,5,5,70.9,67.3,0.13,10.1,8.7
Fußball-Bundesliga,M,GER,2020,Schalke 04,team,29,34,35,383,123,32.1,11.26,3.62,0.09,0.27,17.6,10,2,2,35.4,33.8,0.09,-0.4,-0.8
Fußball-Bundesliga,M,GER,2020,Union Berlin,team,26,34,38,389,133,34.2,11.44,3.91,0.09,0.26,17.8,7,4,5,38.3,34.5,0.09,-0.3,-0.5
Fußball-Bundesliga,M,GER,2020,Werder Bremen,team,30,34,40,419,135,32.2,12.32,3.97,0.09,0.27,17.7,10,3,6,41.4,36.9,0.09,-1.4,0.1
Fußball-Bundesliga,M,GER,2020,Wolfsburg,team,26,34,48,466,155,33.3,13.71,4.56,0.09,0.28,17.5,11,4,4,47.3,44.3,0.1,0.7,-0.3
Fußball-Bundesliga,M,GER,2020,vs Augsburg,opponent,28,34,60,474,157,33.1,13.94,4.62,0.13,0.38,17.3,20,0,1,54.9,54.2,0.12,5.1,5.8
Fußball-Bundesliga,M,GER,2020,vs Bayern Munich,opponent,29,34,31,312,114,36.5,9.18,3.35,0.09,0.25,17.2,12,3,4,34.3,31.3,0.1,-3.3,-3.3
Fußball-Bundesliga,M,GER,2020,vs Dortmund,opponent,27,34,38,348,100,28.7,10.24,2.94,0.1,0.35,17.7,13,3,3,39.4,37.3,0.11,-1.4,-2.3
Fußball-Bundesliga,M,GER,2020,vs Düsseldorf,opponent,28,34,63,456,171,37.5,13.41,5.03,0.13,0.35,16.8,20,3,5,56.2,53,0.12,6.8,7
Fußball-Bundesliga,M,GER,2020,vs Eint Frankfurt,opponent,27,34,58,439,172,39.2,12.91,5.06,0.13,0.32,17.6,20,3,3,49.1,46.9,0.11,8.9,8.1
Fußball-Bundesliga,M,GER,2020,vs Freiburg,opponent,26,34,47,601,188,31.3,17.68,5.53,0.07,0.23,17.8,15,3,4,60.9,57.8,0.1,-13.9,-13.8
Fußball-Bundesliga,M,GER,2020,vs Hertha BSC,opponent,32,34,57,471,162,34.4,13.85,4.76,0.11,0.31,17.7,20,7,7,51.4,46.1,0.1,5.6,3.9
Fußball-Bundesliga,M,GER,2020,vs Hoffenheim,opponent,31,34,51,484,163,33.7,14.24,4.79,0.09,0.28,17.2,12,6,8,51.8,45.8,0.1,-0.8,-0.8
Fußball-Bundesliga,M,GER,2020,vs Köln,opponent,29,34,67,449,152,33.9,13.21,4.47,0.14,0.41,18.1,19,4,6,51.5,46.9,0.11,15.5,16.1
Fußball-Bundesliga,M,GER,2020,vs Leverkusen,opponent,24,34,44,371,137,36.9,10.91,4.03,0.11,0.31,16.6,14,2,2,45.1,43.6,0.12,-1.1,-1.6
Fußball-Bundesliga,M,GER,2020,vs M'Gladbach,opponent,25,34,40,457,152,33.3,13.44,4.47,0.09,0.26,16.6,15,1,2,42.4,40.9,0.09,-2.4,-1.9
Fußball-Bundesliga,M,GER,2020,vs Mainz 05,opponent,25,34,64,493,177,35.9,14.5,5.21,0.12,0.34,16.9,21,3,5,57.3,53.4,0.11,6.7,7.6
Fußball-Bundesliga,M,GER,2020,vs Paderborn 07,opponent,27,34,73,494,179,36.2,14.53,5.26,0.14,0.39,15.5,15,4,5,67.4,63.6,0.13,5.6,5.4
Fußball-Bundesliga,M,GER,2020,vs RB Leipzig,opponent,29,34,37,352,122,34.7,10.35,3.59,0.1,0.29,17,6,2,2,36.4,34.9,0.1,0.6,0.1
Fußball-Bundesliga,M,GER,2020,vs Schalke 04,opponent,29,34,56,456,166,36.4,13.41,4.88,0.11,0.3,16.9,15,6,6,49.7,45.3,0.1,6.3,4.7
Fußball-Bundesliga,M,GER,2020,vs Union Berlin,opponent,26,34,57,487,168,34.5,14.32,4.94,0.11,0.32,17.6,28,3,4,51.5,48.5,0.1,5.5,5.5
Fußball-Bundesliga,M,GER,2020,vs Werder Bremen,opponent,30,34,66,491,175,35.6,14.44,5.15,0.13,0.37,16.9,11,1,1,48.1,47.3,0.1,17.9,17.7
Fußball-Bundesliga,M,GER,2020,vs Wolfsburg,opponent,26,34,46,376,140,37.2,11.06,4.12,0.11,0.29,17,14,5,5,40.1,36.6,0.1,5.9,4.4
Fußball-Bundesliga,M,GER,2019,Augsburg,team,30,34,50,443,158,35.7,13.03,4.65,0.1,0.28,17.9,18,5,5,43.2,39.5,0.09,6.8,5.5
Fußball-Bundesliga,M,GER,2019,Bayern Munich,team,24,34,86,620,246,39.7,18.24,7.24,0.13,0.34,15.5,28,3,4,81,78,0.13,5,5
Fußball-Bundesliga,M,GER,2019,Dortmund,team,23,34,80,444,178,40.1,13.06,5.24,0.17,0.43,16.1,17,4,4,58.3,55.3,0.13,21.7,20.7
Fußball-Bundesliga,M,GER,2019,Düsseldorf,team,24,34,48,405,155,38.3,11.91,4.56,0.11,0.28,17.7,15,5,7,46.7,41.4,0.11,1.3,1.6
Fußball-Bundesliga,M,GER,2019,Eint Frankfurt,team,30,34,60,402,146,36.3,11.82,4.29,0.14,0.38,16,11,4,4,55.4,52.4,0.13,4.6,3.6
Fußball-Bundesliga,M,GER,2019,Freiburg,team,28,34,44,414,153,37,12.18,4.5,0.09,0.25,18.5,15,5,6,42.2,37.6,0.09,1.8,1.4
Fußball-Bundesliga,M,GER,2019,Hannover 96,team,32,34,30,380,113,29.7,11.18,3.32,0.07,0.24,17.7,11,3,3,33.8,31.5,0.08,-3.8,-4.5
Fußball-Bundesliga,M,GER,2019,Hertha BSC,team,26,34,49,394,144,36.5,11.59,4.24,0.11,0.31,15.8,14,4,4,48,45,0.12,1,0
Fußball-Bundesliga,M,GER,2019,Hoffenheim,team,29,34,69,596,214,35.9,17.53,6.29,0.11,0.29,16.2,15,6,7,73.2,68.1,0.12,-4.2,-5.1
Fußball-Bundesliga,M,GER,2019,Leverkusen,team,21,34,68,512,188,36.7,15.06,5.53,0.13,0.34,16.7,25,4,5,62.1,58.4,0.12,5.9,5.6
Fußball-Bundesliga,M,GER,2019,M'Gladbach,team,22,34,53,440,146,33.2,12.94,4.29,0.11,0.34,17.2,16,4,7,51.1,45.8,0.11,1.9,3.2
Fußball-Bundesliga,M,GER,2019,Mainz 05,team,28,34,44,482,145,30.1,14.18,4.26,0.09,0.28,18.1,17,3,3,48.4,46.1,0.1,-4.4,-5.1
Fußball-Bundesliga,M,GER,2019,Nürnberg,team,27,34,25,346,102,29.5,10.18,3,0.07,0.23,19,18,2,6,33.1,28.6,0.09,-8.1,-5.6
Fußball-Bundesliga,M,GER,2019,RB Leipzig,team,23,34,63,487,172,35.3,14.32,5.06,0.12,0.34,16.3,18,5,7,61,55.7,0.12,2,2.3
Fußball-Bundesliga,M,GER,2019,Schalke 04,team,32,34,37,407,121,29.7,11.97,3.56,0.07,0.25,17.3,18,7,9,43.1,36.3,0.09,-6.1,-6.3
Fußball-Bundesliga,M,GER,2019,Stuttgart,team,26,34,32,404,118,29.2,11.88,3.47,0.08,0.26,17.3,16,1,1,38.9,38.2,0.1,-6.9,-7.2
Fußball-Bundesliga,M,GER,2019,Werder Bremen,team,24,34,57,453,171,37.7,13.32,5.03,0.12,0.31,16.7,11,4,4,49.7,46.7,0.11,7.3,6.3
Fußball-Bundesliga,M,GER,2019,Wolfsburg,team,25,34,59,409,157,38.4,12.03,4.62,0.13,0.34,17.2,15,5,5,46.3,42.8,0.11,12.7,11.2
Fußball-Bundesliga,M,GER,2019,vs Augsburg,opponent,30,34,69,505,180,35.6,14.85,5.29,0.13,0.38,16.1,19,1,2,57.4,55.9,0.11,11.6,12.1
Fußball-Bundesliga,M,GER,2019,vs Bayern Munich,opponent,24,34,31,248,71,28.6,7.29,2.09,0.1,0.37,19,7,5,6,25.9,21.4,0.09,5.1,4.6
Fußball-Bundesliga,M,GER,2019,vs Dortmund,opponent,23,34,44,339,130,38.3,9.97,3.82,0.12,0.31,16.4,10,4,5,39.6,35.8,0.11,4.4,4.2
Fußball-Bundesliga,M,GER,2019,vs Düsseldorf,opponent,24,34,65,482,173,35.9,14.18,5.09,0.12,0.34,17.1,19,7,7,60.2,55.1,0.12,4.8,2.9
Fußball-Bundesliga,M,GER,2019,vs Eint Frankfurt,opponent,30,34,47,450,167,37.1,13.24,4.91,0.1,0.28,16.5,16,1,1,50.5,49.7,0.11,-3.5,-3.7
Fußball-Bundesliga,M,GER,2019,vs Freiburg,opponent,28,34,61,507,167,32.9,14.91,4.91,0.11,0.32,18.3,26,7,7,55.5,50.3,0.1,5.5,3.7
Fußball-Bundesliga,M,GER,2019,vs Hannover 96,opponent,32,34,70,551,220,39.9,16.21,6.47,0.12,0.29,17,13,6,7,66.2,61,0.11,3.8,3
Fußball-Bundesliga,M,GER,2019,vs Hertha BSC,opponent,26,34,55,493,154,31.2,14.5,4.53,0.1,0.33,16.8,12,4,6,59.5,55.2,0.12,-4.5,-4.2
Fußball-Bundesliga,M,GER,2019,vs Hoffenheim,opponent,29,34,51,462,165,35.7,13.59,4.85,0.1,0.27,16.6,15,7,7,51.9,46.6,0.1,-0.9,-2.6
Fußball-Bundesliga,M,GER,2019,vs Leverkusen,opponent,21,34,49,377,137,36.3,11.09,4.03,0.12,0.33,17.2,12,4,6,43.6,39.1,0.11,5.4,5.9
Fußball-Bundesliga,M,GER,2019,vs M'Gladbach,opponent,22,34,42,441,154,34.9,12.97,4.53,0.09,0.25,16.4,11,3,3,49.5,47.2,0.11,-7.5,-8.2
Fußball-Bundesliga,M,GER,2019,vs Mainz 05,opponent,28,34,57,506,169,33.4,14.88,4.97,0.11,0.32,16.8,21,3,4,57.2,54.3,0.11,-0.2,-0.3
Fußball-Bundesliga,M,GER,2019,vs Nürnberg,opponent,27,34,66,513,176,34.3,15.09,5.18,0.12,0.36,16.7,18,2,4,55.7,52.7,0.1,10.3,11.3
Fußball-Bundesliga,M,GER,2019,vs RB Leipzig,opponent,23,34,28,304,111,36.5,8.94,3.26,0.08,0.21,16,10,5,6,35,30.5,0.1,-7,-7.5
Fußball-Bundesliga,M,GER,2019,vs Schalke 04,opponent,32,34,54,451,157,34.8,13.26,4.62,0.11,0.31,18,28,5,6,49.8,45.3,0.11,4.2,3.7
Fußball-Bundesliga,M,GER,2019,vs Stuttgart,opponent,26,34,66,510,178,34.9,15,5.24,0.13,0.36,17.3,27,2,3,57.5,55.2,0.11,8.5,8.8
Fußball-Bundesliga,M,GER,2019,vs Werder Bremen,opponent,24,34,49,460,156,33.9,13.53,4.59,0.1,0.29,16.6,18,4,5,54,50.3,0.11,-5,-5.3
Fußball-Bundesliga,M,GER,2019,vs Wolfsburg,opponent,25,34,50,439,162,36.9,12.91,4.76,0.1,0.28,17.5,16,4,6,46.4,41.9,0.1,3.6,4.1
Fußball-Bundesliga,M,GER,2018,Augsburg,team,27,34,41,432,141,32.6,12.71,4.15,0.09,0.26,17.5,20,4,4,45,42,0.1,-4,-5
Fußball-Bundesliga,M,GER,2018,Bayern Munich,team,28,34,90,599,222,37.1,17.62,6.53,0.14,0.38,15.8,22,6,8,77.8,71.9,0.12,12.2,12.1
Fußball-Bundesliga,M,GER,2018,Dortmund,team,30,34,62,472,166,35.2,13.88,4.88,0.13,0.36,15.7,4,3,6,63.6,59.2,0.13,-1.6,-0.2
Fußball-Bundesliga,M,GER,2018,Eint Frankfurt,team,28,34,44,387,140,36.2,11.38,4.12,0.11,0.3,16.5,9,2,2,43.4,41.8,0.11,0.6,0.2
Fußball-Bundesliga,M,GER,2018,Freiburg,team,29,34,32,369,109,29.5,10.85,3.21,0.07,0.24,18.5,16,6,10,41.2,33.7,0.1,-9.2,-7.7
Fußball-Bundesliga,M,GER,2018,Hamburger SV,team,29,34,28,390,125,32.1,11.47,3.68,0.06,0.2,17.7,17,3,5,37.1,33.4,0.09,-9.1,-8.4
Fußball-Bundesliga,M,GER,2018,Hannover 96,team,26,34,44,435,140,32.2,12.79,4.12,0.09,0.29,17.5,17,4,5,46.1,42.1,0.1,-2.1,-2.1
Fußball-Bundesliga,M,GER,2018,Hertha BSC,team,25,34,43,317,129,40.7,9.32,3.79,0.12,0.3,16.9,13,4,5,39.9,36.1,0.12,3.1,2.9
Fußball-Bundesliga,M,GER,2018,Hoffenheim,team,26,34,64,470,169,36,13.82,4.97,0.13,0.36,17.3,13,4,5,51.8,48,0.11,12.2,12
Fußball-Bundesliga,M,GER,2018,Köln,team,31,34,33,395,118,29.9,11.62,3.47,0.08,0.25,17.7,13,3,3,42.2,40,0.1,-9.2,-10
Fußball-Bundesliga,M,GER,2018,Leverkusen,team,24,34,58,507,166,32.7,14.91,4.88,0.11,0.33,16.9,22,3,5,59.1,55.3,0.11,-1.1,-0.3
Fußball-Bundesliga,M,GER,2018,M'Gladbach,team,27,34,46,447,150,33.6,13.15,4.41,0.09,0.27,16.9,15,6,7,51.4,46.6,0.11,-5.4,-6.6
Fußball-Bundesliga,M,GER,2018,Mainz 05,team,27,34,38,418,140,33.5,12.29,4.12,0.08,0.24,20.1,17,4,4,35.3,32.3,0.08,2.7,1.7
Fußball-Bundesliga,M,GER,2018,RB Leipzig,team,23,34,57,489,173,35.4,14.38,5.09,0.11,0.31,17.2,22,4,5,54.3,50.6,0.11,2.7,2.4
Fußball-Bundesliga,M,GER,2018,Schalke 04,team,24,34,50,397,155,39,11.68,4.56,0.1,0.26,17.4,7,10,10,47.8,40.2,0.11,2.2,-0.2
Fußball-Bundesliga,M,GER,2018,Stuttgart,team,26,34,35,364,117,32.1,10.71,3.44,0.09,0.29,17.2,17,1,3,39.6,37.4,0.11,-4.6,-3.4
Fußball-Bundesliga,M,GER,2018,Werder Bremen,team,25,34,34,437,143,32.7,12.85,4.21,0.08,0.24,17.1,20,0,0,40,40,0.09,-6,-6
Fußball-Bundesliga,M,GER,2018,Wolfsburg,team,29,34,36,349,114,32.7,10.26,3.35,0.1,0.31,18.3,23,1,6,39.2,34.4,0.1,-3.2,0.6
Fußball-Bundesliga,M,GER,2018,vs Augsburg,opponent,27,34,46,461,165,35.8,13.56,4.85,0.1,0.27,17.8,21,2,3,43,40.7,0.09,3,3.3
Fußball-Bundesliga,M,GER,2018,vs Bayern Munich,opponent,28,34,25,286,93,32.5,8.41,2.74,0.08,0.26,17.8,13,1,4,33.7,30.4,0.11,-8.7,-6.4
Fußball-Bundesliga,M,GER,2018,vs Dortmund,opponent,30,34,47,364,147,40.4,10.71,4.32,0.12,0.3,17.2,13,3,3,44.6,42.3,0.12,2.4,1.7
Fußball-Bundesliga,M,GER,2018,vs Eint Frankfurt,opponent,28,34,43,398,133,33.4,11.71,3.91,0.1,0.31,17,13,2,3,42.1,40.3,0.1,0.9,0.7
Fußball-Bundesliga,M,GER,2018,vs Freiburg,opponent,29,34,52,484,149,30.8,14.24,4.38,0.1,0.32,17.3,13,4,5,50.6,46.8,0.1,1.4,1.2
Fußball-Bundesliga,M,GER,2018,vs Hamburger SV,opponent,29,34,52,446,140,31.4,13.12,4.12,0.11,0.35,16.7,16,3,4,52.7,49.7,0.11,-0.7,-0.7
Fußball-Bundesliga,M,GER,2018,vs Hannover 96,opponent,26,34,54,494,173,35,14.53,5.09,0.11,0.3,17.7,18,2,4,54.4,51.4,0.11,-0.4,0.6
Fußball-Bundesliga,M,GER,2018,vs Hertha BSC,opponent,25,34,45,431,142,32.9,12.68,4.18,0.09,0.27,17.3,14,6,7,46.5,41.3,0.1,-1.5,-2.3
Fußball-Bundesliga,M,GER,2018,vs Hoffenheim,opponent,26,34,46,428,146,34.1,12.59,4.29,0.1,0.29,17.2,19,3,4,47.5,44.4,0.11,-1.5,-1.4
Fußball-Bundesliga,M,GER,2018,vs Köln,opponent,31,34,70,532,197,37,15.65,5.79,0.12,0.31,16.4,20,8,9,67.9,61.2,0.12,2.1,0.8
Fußball-Bundesliga,M,GER,2018,vs Leverkusen,opponent,24,34,44,342,111,32.5,10.06,3.26,0.11,0.35,17.7,12,5,6,37,32.5,0.1,7,6.5
Fußball-Bundesliga,M,GER,2018,vs M'Gladbach,opponent,27,34,51,498,169,33.9,14.65,4.97,0.09,0.28,17,15,4,4,51.7,48.7,0.1,-0.7,-1.7
Fußball-Bundesliga,M,GER,2018,vs Mainz 05,opponent,27,34,51,437,136,31.1,12.85,4,0.11,0.34,17.2,22,5,7,51.6,46.5,0.11,-0.6,-0.5
Fußball-Bundesliga,M,GER,2018,vs RB Leipzig,opponent,23,34,53,380,147,38.7,11.18,4.32,0.13,0.33,16.7,10,5,5,45.7,41.9,0.11,7.3,6.1
Fußball-Bundesliga,M,GER,2018,vs Schalke 04,opponent,24,34,36,369,123,33.3,10.85,3.62,0.09,0.27,17.7,14,3,6,42.3,37.8,0.11,-6.3,-4.8
Fußball-Bundesliga,M,GER,2018,vs Stuttgart,opponent,26,34,36,440,146,33.2,12.94,4.29,0.07,0.22,17.8,15,4,6,45.7,41.1,0.1,-9.7,-9.1
Fußball-Bundesliga,M,GER,2018,vs Werder Bremen,opponent,25,34,38,427,157,36.8,12.56,4.62,0.08,0.23,17.3,16,2,4,48.5,45.3,0.11,-10.5,-9.3
Fußball-Bundesliga,M,GER,2018,vs Wolfsburg,opponent,29,34,46,457,143,31.3,13.44,4.21,0.09,0.28,17.8,23,6,9,49.5,42.9,0.1,-3.5,-2.9
Serie A,M,ITA,2020,Atalanta,team,30,38,96,701,255,36.4,18.45,6.71,0.13,0.35,16.5,29,7,10,81.9,74.2,0.11,14.1,14.8
Serie A,M,ITA,2020,Bologna,team,31,38,48,544,163,30,14.32,4.29,0.08,0.26,18.2,28,5,6,53.1,48.6,0.09,-5.1,-5.6
Serie A,M,ITA,2020,Brescia,team,32,38,34,414,138,33.3,10.89,3.63,0.07,0.22,17,23,4,4,42.4,39.4,0.1,-8.4,-9.4
Serie A,M,ITA,2020,Cagliari,team,33,38,50,439,137,31.2,11.55,3.61,0.1,0.34,19.1,15,4,6,41.4,36.8,0.09,8.6,9.2
Serie A,M,ITA,2020,Fiorentina,team,33,38,49,543,169,31.1,14.29,4.45,0.07,0.24,17.4,23,9,11,54.6,46.7,0.09,-5.6,-6.7
Serie A,M,ITA,2020,Genoa,team,34,38,46,418,142,34,11,3.74,0.08,0.25,18.6,25,11,16,47.4,35.3,0.09,-1.4,-0.3
Serie A,M,ITA,2020,Hellas Verona,team,30,38,45,439,146,33.3,11.55,3.84,0.08,0.25,16.5,12,8,9,49.1,42.3,0.1,-4.1,-5.3
Serie A,M,ITA,2020,Inter,team,29,38,80,616,217,35.2,16.21,5.71,0.11,0.32,16.7,22,10,11,72.1,63.7,0.11,7.9,6.3
Serie A,M,ITA,2020,Juventus,team,30,38,73,667,222,33.3,17.55,5.84,0.09,0.27,18.3,38,13,14,68.9,58.3,0.09,4.1,1.7
Serie A,M,ITA,2020,Lazio,team,27,38,77,564,203,36,14.84,5.34,0.11,0.31,17.3,21,15,18,68.4,54.9,0.1,8.6,7.1
Serie A,M,ITA,2020,Lecce,team,30,38,52,511,163,31.9,13.45,4.29,0.08,0.25,18.6,16,11,15,53.9,43.1,0.09,-1.9,-2.1
Serie A,M,ITA,2020,Milan,team,32,38,60,611,187,30.6,16.08,4.92,0.09,0.28,18.2,24,8,9,60.1,53.4,0.09,-0.1,-1.4
Serie A,M,ITA,2020,Napoli,team,25,38,60,682,225,33,17.95,5.92,0.08,0.24,18.2,17,5,5,62.5,58.7,0.09,-2.5,-3.7
Serie A,M,ITA,2020,Parma,team,25,38,53,453,145,32,11.92,3.82,0.11,0.34,18.5,21,4,6,46.7,42.2,0.09,6.3,6.8
Serie A,M,ITA,2020,Roma,team,31,38,73,632,198,31.3,16.63,5.21,0.1,0.31,17.6,35,12,14,72.7,62.4,0.1,0.3,-1.4
Serie A,M,ITA,2020,Sampdoria,team,31,38,48,550,161,29.3,14.47,4.24,0.07,0.24,18.5,23,9,12,51.2,42,0.08,-3.2,-3
Serie A,M,ITA,2020,Sassuolo,team,31,38,69,544,192,35.3,14.32,5.05,0.12,0.33,19.2,32,5,6,56,51.4,0.1,13,12.6
Serie A,M,ITA,2020,SPAL,team,34,38,27,457,114,24.9,12.03,3,0.05,0.19,18.5,17,5,7,39.1,33.8,0.08,-12.1,-11.8
Serie A,M,ITA,2020,Torino,team,27,38,44,437,139,31.8,11.5,3.66,0.08,0.27,17.6,19,7,8,42.4,37.1,0.09,1.6,-0.1
Serie A,M,ITA,2020,Udinese,team,25,38,37,476,143,30,12.53,3.76,0.08,0.26,17.6,11,0,0,40.7,40.7,0.09,-3.7,-3.7
Serie A,M,ITA,2020,vs Atalanta,opponent,30,38,46,415,133,32,10.92,3.5,0.1,0.3,19.9,24,6,6,41.4,36.8,0.09,4.6,3.2
Serie A,M,ITA,2020,vs Bologna,opponent,31,38,64,531,182,34.3,13.97,4.79,0.11,0.32,17.9,23,6,8,54.6,48.5,0.1,9.4,9.5
Serie A,M,ITA,2020,vs Brescia,opponent,32,38,76,688,228,33.1,18.11,6,0.1,0.29,16.6,22,9,11,77.7,69.6,0.11,-1.7,-2.6
Serie A,M,ITA,2020,vs Cagliari,opponent,33,38,53,606,184,30.4,15.95,4.84,0.08,0.25,17.3,34,7,9,57.2,51.1,0.09,-4.2,-5.1
Serie A,M,ITA,2020,vs Fiorentina,opponent,33,38,48,432,150,34.7,11.37,3.95,0.09,0.26,18.3,26,9,11,48.9,40.8,0.1,-0.9,-1.8
Serie A,M,ITA,2020,vs Genoa,opponent,34,38,71,583,188,32.2,15.34,4.95,0.11,0.34,17.8,28,7,9,59.3,52.6,0.09,11.7,11.4
Serie A,M,ITA,2020,vs Hellas Verona,opponent,30,38,50,580,161,27.8,15.26,4.24,0.07,0.25,18,21,9,9,52.6,45.8,0.08,-2.6,-4.8
Serie A,M,ITA,2020,vs Inter,opponent,29,38,35,450,114,25.3,11.84,3,0.07,0.28,18.3,24,3,4,40.7,37.7,0.09,-5.7,-5.7
Serie A,M,ITA,2020,vs Juventus,opponent,30,38,43,458,152,33.2,12.05,4,0.07,0.22,19.1,20,9,12,41.8,32.8,0.07,1.2,1.2
Serie A,M,ITA,2020,vs Lazio,opponent,27,38,41,507,145,28.6,13.34,3.82,0.07,0.23,19.1,25,7,9,49.6,42.8,0.09,-8.6,-8.8
Serie A,M,ITA,2020,vs Lecce,opponent,30,38,82,681,244,35.8,17.92,6.42,0.1,0.29,16.7,19,11,13,84.1,74.3,0.11,-2.1,-3.3
Serie A,M,ITA,2020,vs Milan,opponent,32,38,45,435,145,33.3,11.45,3.82,0.09,0.28,18.5,18,5,10,47.6,40.2,0.1,-2.6,-0.2
Serie A,M,ITA,2020,vs Napoli,opponent,25,38,49,399,129,32.3,10.5,3.39,0.11,0.33,17.4,10,7,8,39.3,33.3,0.09,9.7,8.7
Serie A,M,ITA,2020,vs Parma,opponent,25,38,57,660,201,30.5,17.37,5.29,0.08,0.25,17.8,24,7,11,62,54.3,0.08,-5,-4.3
Serie A,M,ITA,2020,vs Roma,opponent,31,38,51,419,146,34.8,11.03,3.84,0.1,0.29,17.9,16,9,10,48.4,40.8,0.1,2.6,1.2
Serie A,M,ITA,2020,vs Sampdoria,opponent,31,38,61,501,173,34.5,13.18,4.55,0.11,0.31,17.8,27,8,9,53.3,46.6,0.1,7.7,6.4
Serie A,M,ITA,2020,vs Sassuolo,opponent,31,38,59,513,177,34.5,13.5,4.66,0.1,0.29,16.4,16,8,9,64.1,57.3,0.12,-5.1,-6.3
Serie A,M,ITA,2020,vs SPAL,opponent,34,38,74,650,222,34.2,17.11,5.84,0.1,0.3,18.1,33,7,8,67.4,61.3,0.1,6.6,5.7
Serie A,M,ITA,2020,vs Torino,opponent,27,38,65,609,199,32.7,16.03,5.24,0.09,0.28,17.8,18,10,11,62.7,54.4,0.09,2.3,0.6
Serie A,M,ITA,2020,vs Udinese,opponent,25,38,51,581,186,32,15.29,4.89,0.07,0.23,18.6,23,8,10,51.9,44.1,0.08,-0.9,-1.1
Serie A,M,ITA,2019,Atalanta,team,27,38,75,642,211,32.9,16.89,5.55,0.11,0.35,15.6,16,2,4,66.8,63.8,0.1,8.2,9.2
Serie A,M,ITA,2019,Bologna,team,29,38,45,495,159,32.1,13.03,4.18,0.08,0.25,17.7,23,5,5,47.3,43.5,0.09,-2.3,-3.5
Serie A,M,ITA,2019,Cagliari,team,30,38,36,434,124,28.6,11.42,3.26,0.08,0.27,16.8,12,2,3,39.2,36.9,0.09,-3.2,-2.9
Serie A,M,ITA,2019,Chievo,team,36,38,25,388,112,28.9,10.21,2.95,0.05,0.19,18.8,13,4,6,35.9,31.5,0.08,-10.9,-10.5
Serie A,M,ITA,2019,Empoli,team,29,38,48,454,142,31.3,11.95,3.74,0.1,0.31,16.9,16,4,7,52.1,46.7,0.11,-4.1,-2.7
Serie A,M,ITA,2019,Fiorentina,team,27,38,45,577,175,30.3,15.18,4.61,0.07,0.23,17.8,16,5,6,52.3,47.8,0.09,-7.3,-7.8
Serie A,M,ITA,2019,Frosinone,team,33,38,28,436,120,27.5,11.47,3.16,0.06,0.2,18.4,24,4,5,35.6,31.8,0.07,-7.6,-7.8
Serie A,M,ITA,2019,Genoa,team,31,38,37,526,150,28.5,13.84,3.95,0.06,0.22,18,23,4,5,43.7,39.9,0.08,-6.7,-6.9
Serie A,M,ITA,2019,Inter,team,23,38,57,619,185,29.9,16.29,4.87,0.08,0.26,17,9,8,9,64.4,57.6,0.09,-8.4,-9.6
Serie A,M,ITA,2019,Juventus,team,31,38,66,599,193,32.2,15.76,5.08,0.1,0.31,17.8,28,7,8,58.3,52.2,0.09,7.7,6.8
Serie A,M,ITA,2019,Lazio,team,30,38,54,612,189,30.9,16.11,4.97,0.08,0.25,17.1,22,6,6,56.4,51.9,0.09,-2.4,-3.9
Serie A,M,ITA,2019,Milan,team,23,38,52,580,190,32.8,15.26,5,0.08,0.26,18.6,20,3,4,48.2,45.1,0.08,3.8,3.9
Serie A,M,ITA,2019,Napoli,team,26,38,73,702,234,33.3,18.47,6.16,0.1,0.3,18.3,22,3,4,68.1,65.4,0.1,4.9,4.6
Serie A,M,ITA,2019,Parma,team,31,38,40,353,107,30.3,9.29,2.82,0.1,0.34,18.4,18,4,5,38.5,34.7,0.1,1.5,1.3
Serie A,M,ITA,2019,Roma,team,26,38,66,624,212,34,16.42,5.58,0.1,0.28,16,11,6,6,64.1,59.5,0.1,1.9,0.5
Serie A,M,ITA,2019,Sampdoria,team,24,38,60,479,168,35.1,12.61,4.42,0.1,0.3,19,18,10,12,49.8,40.8,0.09,10.2,9.2
Serie A,M,ITA,2019,Sassuolo,team,29,38,50,507,150,29.6,13.34,3.95,0.09,0.3,18.9,20,5,5,46.3,42.5,0.09,3.7,2.5
Serie A,M,ITA,2019,SPAL,team,28,38,44,457,128,28,12.03,3.37,0.08,0.29,17.6,14,7,8,41.4,35.4,0.08,2.6,1.6
Serie A,M,ITA,2019,Torino,team,25,38,50,519,173,33.3,13.66,4.55,0.09,0.26,17.5,23,5,6,49.4,44.9,0.09,0.6,0.1
Serie A,M,ITA,2019,Udinese,team,32,38,38,461,118,25.6,12.13,3.11,0.08,0.3,19.7,12,3,8,41.5,35.2,0.08,-3.5,-0.2
Serie A,M,ITA,2019,vs Atalanta,opponent,27,38,43,407,132,32.4,10.71,3.47,0.1,0.3,18,17,4,5,41.5,37.7,0.1,1.5,1.3
Serie A,M,ITA,2019,vs Bologna,opponent,29,38,55,538,173,32.2,14.16,4.55,0.09,0.29,17.9,10,4,4,46.5,43.5,0.08,8.5,7.5
Serie A,M,ITA,2019,vs Cagliari,opponent,30,38,52,576,195,33.9,15.16,5.13,0.08,0.23,16.6,18,8,10,58.8,51.3,0.09,-7.8,-8.3
Serie A,M,ITA,2019,vs Chievo,opponent,36,38,73,593,210,35.4,15.61,5.53,0.12,0.34,17.2,25,2,4,59.4,56.2,0.1,13.6,14.8
Serie A,M,ITA,2019,vs Empoli,opponent,29,38,68,623,226,36.3,16.39,5.95,0.1,0.27,17.5,17,6,8,60.9,54.8,0.09,7.1,7.2
Serie A,M,ITA,2019,vs Fiorentina,opponent,27,38,42,451,136,30.2,11.87,3.58,0.08,0.27,18.5,32,5,6,42.2,37.8,0.09,-0.2,-0.8
Serie A,M,ITA,2019,vs Frosinone,opponent,33,38,68,634,209,33,16.68,5.5,0.1,0.3,18.3,23,5,5,61,57.2,0.09,7,5.8
Serie A,M,ITA,2019,vs Genoa,opponent,31,38,55,523,163,31.2,13.76,4.29,0.1,0.31,17.3,15,5,6,54.2,49.7,0.1,0.8,0.3
Serie A,M,ITA,2019,vs Inter,opponent,23,38,31,415,128,30.8,10.92,3.37,0.07,0.22,17.9,21,3,5,38.2,34.5,0.08,-7.2,-6.5
Serie A,M,ITA,2019,vs Juventus,opponent,31,38,29,438,107,24.4,11.53,2.82,0.06,0.25,20.1,22,2,4,36.1,33.1,0.08,-7.1,-6.1
Serie A,M,ITA,2019,vs Lazio,opponent,30,38,45,469,147,31.3,12.34,3.87,0.09,0.27,18.5,22,5,6,42.7,38.1,0.08,2.3,1.9
Serie A,M,ITA,2019,vs Milan,opponent,23,38,35,463,133,28.7,12.18,3.5,0.07,0.23,17.8,10,4,5,40,36.2,0.08,-5,-5.2
Serie A,M,ITA,2019,vs Napoli,opponent,26,38,36,437,135,30.9,11.5,3.55,0.07,0.24,18.1,12,4,4,34.2,31.2,0.07,1.8,0.8
Serie A,M,ITA,2019,vs Parma,opponent,31,38,57,741,199,26.9,19.5,5.24,0.07,0.25,17.8,19,8,8,65.4,59.4,0.08,-8.4,-10.4
Serie A,M,ITA,2019,vs Roma,opponent,26,38,47,546,160,29.3,14.37,4.21,0.08,0.27,18,19,4,7,54.4,49.1,0.09,-7.4,-6.1
Serie A,M,ITA,2019,vs Sampdoria,opponent,24,38,50,507,144,28.4,13.34,3.79,0.08,0.3,17.4,14,7,8,52.6,46.7,0.1,-2.6,-3.7
Serie A,M,ITA,2019,vs Sassuolo,opponent,29,38,58,478,156,32.6,12.58,4.11,0.11,0.35,16.2,17,4,8,57.3,51.2,0.11,0.7,2.8
Serie A,M,ITA,2019,vs SPAL,opponent,28,38,56,544,174,32,14.32,4.58,0.09,0.29,17.8,16,5,5,48.5,44.7,0.08,7.5,6.3
Serie A,M,ITA,2019,vs Torino,opponent,25,38,37,473,144,30.4,12.45,3.79,0.07,0.24,17,12,3,5,47.9,44,0.1,-10.9,-10
Serie A,M,ITA,2019,vs Udinese,opponent,32,38,52,608,169,27.8,16,4.45,0.07,0.25,17.2,19,9,9,57.6,51,0.09,-5.6,-8
Serie A,M,ITA,2018,Atalanta,team,25,38,57,582,196,33.7,15.32,5.16,0.09,0.27,15.8,13,5,9,67.3,60.6,0.11,-10.3,-8.6
Serie A,M,ITA,2018,Benevento,team,41,38,32,470,146,31.1,12.37,3.84,0.06,0.21,19,23,2,3,39,36.9,0.08,-7,-6.9
Serie A,M,ITA,2018,Bologna,team,30,38,37,353,120,34,9.29,3.16,0.1,0.29,18.6,31,2,3,36.9,34.7,0.1,0.1,0.3
Serie A,M,ITA,2018,Cagliari,team,29,38,33,378,115,30.4,9.95,3.03,0.08,0.25,17.2,16,4,7,40,34.7,0.1,-7,-5.7
Serie A,M,ITA,2018,Chievo,team,25,38,36,396,137,34.6,10.42,3.61,0.09,0.26,18,8,1,2,32.2,30.7,0.08,3.8,4.3
Serie A,M,ITA,2018,Crotone,team,29,38,38,385,136,35.3,10.13,3.58,0.09,0.26,19.1,11,2,3,36.1,33.7,0.09,1.9,2.3
Serie A,M,ITA,2018,Fiorentina,team,27,38,53,624,185,29.6,16.42,4.87,0.07,0.25,18.4,20,7,8,57.3,51.4,0.08,-4.3,-5.4
Serie A,M,ITA,2018,Genoa,team,33,38,31,421,125,29.7,11.08,3.29,0.06,0.22,16.6,11,4,5,43.3,39.5,0.1,-12.3,-12.5
Serie A,M,ITA,2018,Hellas Verona,team,32,38,30,362,92,25.4,9.53,2.42,0.06,0.25,19.2,20,7,7,34.3,29.1,0.09,-4.3,-6.1
Serie A,M,ITA,2018,Inter,team,22,38,64,584,202,34.6,15.37,5.32,0.1,0.29,17.4,13,6,7,60.9,55.6,0.1,3.1,2.4
Serie A,M,ITA,2018,Juventus,team,24,38,82,564,201,35.6,14.84,5.29,0.14,0.39,17.7,40,4,8,59.7,53.9,0.1,22.3,24.1
Serie A,M,ITA,2018,Lazio,team,24,38,86,557,208,37.3,14.66,5.47,0.14,0.37,17.3,15,9,11,63.3,55,0.1,22.7,22
Serie A,M,ITA,2018,Milan,team,23,38,54,633,224,35.4,16.66,5.89,0.08,0.22,18.7,25,4,6,54.7,50.3,0.08,0.3,0.7
Serie A,M,ITA,2018,Napoli,team,23,38,73,651,247,37.9,17.13,6.5,0.1,0.27,18.3,19,6,8,66.6,60.4,0.1,6.4,6.6
Serie A,M,ITA,2018,Roma,team,27,38,56,667,202,30.3,17.55,5.32,0.08,0.26,17.4,28,3,6,69.6,65.2,0.1,-13.6,-12.2
Serie A,M,ITA,2018,Sampdoria,team,27,38,56,474,164,34.6,12.47,4.32,0.1,0.3,17.8,27,7,8,51.2,45.2,0.1,4.8,3.8
Serie A,M,ITA,2018,Sassuolo,team,28,38,28,496,132,26.6,13.05,3.47,0.05,0.18,18.3,18,4,10,49.4,41.8,0.09,-21.4,-17.8
Serie A,M,ITA,2018,SPAL,team,29,38,37,374,109,29.1,9.84,2.87,0.09,0.29,18.4,23,5,6,37.7,33.1,0.09,-0.7,-1.1
Serie A,M,ITA,2018,Torino,team,27,38,53,460,154,33.5,12.11,4.05,0.12,0.34,16.7,20,0,2,46.7,45.2,0.1,6.3,7.8
Serie A,M,ITA,2018,Udinese,team,27,38,45,445,133,29.9,11.71,3.5,0.09,0.29,17.9,13,7,7,43.7,38.4,0.09,2.3,0.6
Serie A,M,ITA,2018,vs Atalanta,opponent,25,38,39,406,118,29.1,10.68,3.11,0.09,0.32,17.8,18,1,2,37.1,35.8,0.09,1.9,2.2
Serie A,M,ITA,2018,vs Benevento,opponent,41,38,82,567,203,35.8,14.92,5.34,0.13,0.35,17.2,27,10,13,74.7,64.9,0.12,7.3,7.1
Serie A,M,ITA,2018,vs Bologna,opponent,30,38,49,533,164,30.8,14.03,4.32,0.09,0.28,16.7,18,3,4,53.7,50.7,0.1,-4.7,-4.7
Serie A,M,ITA,2018,vs Cagliari,opponent,29,38,60,524,162,30.9,13.79,4.26,0.1,0.32,17.2,21,8,12,58.8,49.7,0.1,1.2,2.3
Serie A,M,ITA,2018,vs Chievo,opponent,25,38,55,590,180,30.5,15.53,4.74,0.09,0.28,18.1,19,4,7,54.3,49.3,0.09,0.7,1.7
Serie A,M,ITA,2018,vs Crotone,opponent,29,38,66,582,199,34.2,15.32,5.24,0.1,0.3,16.9,30,6,8,58.9,52.8,0.09,7.1,7.2
Serie A,M,ITA,2018,vs Fiorentina,opponent,27,38,46,407,152,37.3,10.71,4,0.11,0.29,18.3,24,2,3,42.5,40.2,0.1,3.5,3.8
Serie A,M,ITA,2018,vs Genoa,opponent,33,38,41,504,170,33.7,13.26,4.47,0.07,0.22,18.4,23,4,4,45.5,42.7,0.09,-4.5,-5.7
Serie A,M,ITA,2018,vs Hellas Verona,opponent,32,38,76,719,257,35.7,18.92,6.76,0.1,0.27,17.3,29,6,8,75.9,69.8,0.1,0.1,0.2
Serie A,M,ITA,2018,vs Inter,opponent,22,38,27,451,119,26.4,11.87,3.13,0.06,0.21,19,22,2,2,35.3,33.8,0.08,-8.3,-8.8
Serie A,M,ITA,2018,vs Juventus,opponent,24,38,22,319,94,29.5,8.39,2.47,0.06,0.2,19.3,17,3,4,28.8,25.8,0.09,-6.8,-6.8
Serie A,M,ITA,2018,vs Lazio,opponent,24,38,47,441,153,34.7,11.61,4.03,0.09,0.25,19.1,22,9,10,44.3,36.7,0.09,2.7,1.3
Serie A,M,ITA,2018,vs Milan,opponent,23,38,41,420,131,31.2,11.05,3.45,0.09,0.3,17.5,10,2,3,39.1,36.9,0.09,1.9,2.1
Serie A,M,ITA,2018,vs Napoli,opponent,23,38,29,336,99,29.5,8.84,2.61,0.08,0.27,18.7,14,2,2,25.5,24,0.07,3.5,3
Serie A,M,ITA,2018,vs Roma,opponent,27,38,28,419,138,32.9,11.03,3.63,0.06,0.18,18.4,11,3,5,39.9,36,0.09,-11.9,-11
Serie A,M,ITA,2018,vs Sampdoria,opponent,27,38,59,545,193,35.4,14.34,5.08,0.1,0.27,16.6,9,6,10,63.3,55.7,0.11,-4.3,-2.7
Serie A,M,ITA,2018,vs Sassuolo,opponent,28,38,57,488,177,36.3,12.84,4.66,0.11,0.31,17.6,19,2,3,49.6,47.3,0.1,7.4,7.7
Serie A,M,ITA,2018,vs SPAL,opponent,29,38,55,586,192,32.8,15.42,5.05,0.08,0.24,18.2,24,9,12,59.7,50.8,0.09,-4.7,-4.8
Serie A,M,ITA,2018,vs Torino,opponent,27,38,46,518,164,31.7,13.63,4.32,0.08,0.25,18.2,17,5,8,52.3,46.4,0.09,-6.3,-5.4
Serie A,M,ITA,2018,vs Udinese,opponent,27,38,58,521,163,31.3,13.71,4.29,0.11,0.34,18.2,20,2,6,50.9,46.3,0.09,7.1,9.7
